table_name,column_name,data_type,is_primary_key,references,description
admission_partial_traject,pseudo_id,TEXT,false,amc_core.patient_not_traceable(pseudo_id),Pseudonymized patient identifier.
admission_partial_traject,patient_contact_id,TEXT,false,amc_core.patient_appointment(patient_contact_id),Identifier of the clinical contact/encounter this record belongs to.
admission_partial_traject,admission_partial_traject_id,TEXT,true,,Identifier for the associated admission partial traject.
admission_partial_traject,admission_traject_id,TEXT,false,amc_core.admission_traject(admission_traject_id),Identifier for the associated admission traject.
admission_partial_traject,hospital_location,TEXT,false,,Hospital/site location for this record.
admission_partial_traject,admission_traject_admission_date,DATE,false,,Date/time field: Admission traject admission date.
admission_partial_traject,admission_traject_admission_date_time,TIMESTAMPTZ,false,,Date/time field: Admission traject admission date time.
admission_partial_traject,admission_traject_discharge_date,DATE,false,,Date/time field: Admission traject discharge date.
admission_partial_traject,admission_traject_discharge_date_time,TIMESTAMPTZ,false,,Date/time field: Admission traject discharge date time.
admission_partial_traject,age_in_years_at_moment_admission,INTEGER,false,,Age in years at moment admission.
admission_partial_traject,operative_or_reflective,TEXT,false,,Operative or reflective.
admission_partial_traject,admission_via_seh,TEXT,false,,Admission via emergency department (SEH).
admission_partial_traject,admission_traject_type,TEXT,false,,Admission traject type.
admission_partial_traject,admission_mode,TEXT,false,,Admission mode.
admission_partial_traject,admission_origin,TEXT,false,,Admission origin.
admission_partial_traject,discharge_method,TEXT,false,,Discharge method.
admission_partial_traject,partial_traject_admission_type,TEXT,false,,Partial traject admission type.
admission_partial_traject,start_date_time,TIMESTAMPTZ,false,,Date/time field: Start date time.
admission_partial_traject,start_date,DATE,false,,Date/time field: Start date.
admission_partial_traject,start_time,TIME,false,,Date/time field: Start time.
admission_partial_traject,end_date_time,TIMESTAMPTZ,false,,Date/time field: End date time.
admission_partial_traject,end_date,DATE,false,,Date/time field: End date.
admission_partial_traject,end_time,TIME,false,,Date/time field: End time.
admission_partial_traject,specialty,TEXT,false,,Specialty.
admission_partial_traject,subspecialty,TEXT,false,,Subspecialty.
admission_partial_traject,service_specialty,TEXT,false,,Service specialty.
admission_partial_traject,patient_class,TEXT,false,,Patient class.
admission_partial_traject,bed,TEXT,false,,Bed.
admission_partial_traject,room,TEXT,false,,Room.
admission_partial_traject,workplace,TEXT,false,,Workplace.
admission_partial_traject,is_temporary_leave,TEXT,false,,Flag: Temporary leave.
admission_partial_traject,source,TEXT,false,,Source system the record originated from.
admission_partial_traject,dcm_refreshed_date_time,TIMESTAMPTZ,false,,Timestamp of the last data warehouse refresh for this record.
admission_partial_traject,issue_dt,DATE,false,,Timestamp the record was issued/extracted from source.
admission_partial_traject,corrected_end_date_time,TIMESTAMPTZ,false,,Corrected subtraject end date/time; future/implausible values set to NULL.
admission_partial_traject,corrected_end_date,DATE,false,,Corrected subtraject end date; future/implausible values set to NULL.
admission_partial_traject,corrected_end_time,TIME,false,,Corrected subtraject end time; future/implausible values set to NULL.
admission_partial_traject,ongoing_partial_stay,BOOLEAN,false,,Quality flag: 1 if the subtraject end date is in the future (ongoing at extraction time).
admission_partial_traject,corrected_admission_traject_discharge_date_time,TIMESTAMPTZ,false,,Corrected parent admission traject discharge date/time; future/implausible values set to NULL.
admission_partial_traject,corrected_admission_traject_discharge_date,DATE,false,,Corrected parent admission traject discharge date; future/implausible values set to NULL.
admission_partial_traject,ongoing_admission_traject,BOOLEAN,false,,Quality flag: 1 if the parent admission traject discharge date is in the future (ongoing at extraction time).
admission_traject,pseudo_id,TEXT,false,amc_core.patient_not_traceable(pseudo_id),Pseudonymized patient identifier.
admission_traject,patient_contact_id,TEXT,false,amc_core.patient_appointment(patient_contact_id),Identifier of the clinical contact/encounter this record belongs to.
admission_traject,admission_traject_id,TEXT,true,,Identifier for the associated admission traject.
admission_traject,admission_moment_subtraject_id,TEXT,false,,Identifier for the associated admission moment subtraject.
admission_traject,hospital_location,TEXT,false,,Hospital/site location for this record.
admission_traject,age_in_years_at_moment_admission,INTEGER,false,,Age in years at moment admission.
admission_traject,is_patient_discharged,TEXT,false,,Flag: Patient discharged.
admission_traject,is_admission_start_seh,TEXT,false,,Flag: Admission start emergency department (SEH).
admission_traject,is_admission_elective,TEXT,false,,Flag: Admission elective.
admission_traject,admission_via_seh,TEXT,false,,Admission via emergency department (SEH).
admission_traject,operative_or_reflective,TEXT,false,,Operative or reflective.
admission_traject,admission_moment,TIMESTAMPTZ,false,,Date/time field: Admission moment.
admission_traject,admission_date,DATE,false,,Date/time field: Admission date.
admission_traject,admission_time,TIME,false,,Date/time field: Admission time.
admission_traject,discharge_moment,TIMESTAMPTZ,false,,Date/time field: Discharge moment.
admission_traject,discharge_date,DATE,false,,Date/time field: Discharge date.
admission_traject,discharge_time,TIME,false,,Date/time field: Discharge time.
admission_traject,admission_type,TEXT,false,,Admission type.
admission_traject,admission_mode,TEXT,false,,Admission mode.
admission_traject,admission_origin,TEXT,false,,Admission origin.
admission_traject,accommodation_reason,TEXT,false,,Accommodation reason.
admission_traject,discharge_method,TEXT,false,,Discharge method.
admission_traject,discharge_location,TEXT,false,,Discharge location.
admission_traject,admission_specialty,TEXT,false,,Admission specialty.
admission_traject,admission_subspecialty,TEXT,false,,Admission subspecialty.
admission_traject,admission_service_specialty,TEXT,false,,Admission service specialty.
admission_traject,admission_patientclass,TEXT,false,,Admission patientclass.
admission_traject,discharge_patient_class,TEXT,false,,Discharge patient class.
admission_traject,admission_workplace,TEXT,false,,Admission workplace.
admission_traject,source,TEXT,false,,Source system the record originated from.
admission_traject,dcm_refreshed_date_time,TIMESTAMPTZ,false,,Timestamp of the last data warehouse refresh for this record.
admission_traject,issue_dt,DATE,false,,Timestamp the record was issued/extracted from source.
admission_traject,corrected_discharge_moment,TIMESTAMPTZ,false,,Corrected discharge date/time; future/implausible values set to NULL.
admission_traject,corrected_discharge_date,DATE,false,,Corrected discharge date; future/implausible values set to NULL.
admission_traject,ongoing_stay,BOOLEAN,false,,Quality flag: 1 if the discharge date is in the future (ongoing admission at extraction time).
adverse_event,pseudo_id,TEXT,false,amc_core.patient_not_traceable(pseudo_id),Pseudonymized patient identifier.
adverse_event,adverse_event_id,TEXT,true,,Identifier for the associated adverse event.
adverse_event,patient_problem_status,TEXT,false,,Patient problem status.
adverse_event,is_seriously,TEXT,false,,Flag: Seriously.
adverse_event,is_expected,TEXT,false,,Flag: Expected.
adverse_event,epic_diagnosis_id,TEXT,false,,Identifier for the associated epic diagnosis.
adverse_event,diagnosis,TEXT,false,,Diagnosis.
adverse_event,course_date,DATE,false,,Date/time field: Course date.
adverse_event,adverse_event_relation_to_study,TEXT,false,,Adverse event relation to study.
adverse_event,solution_date,DATE,false,,Date/time field: Solution date.
adverse_event,research_project,TEXT,false,,Research project.
adverse_event,research_project_name,TEXT,false,,Research project name.
adverse_event,research_project_start_date,DATE,false,,Date/time field: Research project start date.
adverse_event,research_project_status_description,TEXT,false,,Research project status description.
adverse_event,study_code,TEXT,false,,Study code.
adverse_event,research_project_participation_alias,TEXT,false,,Research project participation alias.
adverse_event,source,TEXT,false,,Source system the record originated from.
adverse_event,dcm_refreshed_date_time,TIMESTAMPTZ,false,,Timestamp of the last data warehouse refresh for this record.
adverse_event,issue_dt,TIMESTAMPTZ,false,,Timestamp the record was issued/extracted from source.
amc_notes,patient_note_id,TEXT,true,,Note identifier (primary key).
amc_notes,pseudo_id,TEXT,false,,Pseudonymized patient identifier.
amc_notes,date_note,DATE,false,,Date note.
amc_notes,patient_note_category,TEXT,false,,Type/category of clinical note.
amc_notes,caregiver_type,TEXT,false,,"Note author's department or role, if available."
amc_notes,note_text,TEXT,false,,Note text.
amc_notes_metadata,note_id,TEXT,true,amc_core.amc_notes(patient_note_id),Identifier for the associated note.
amc_notes_metadata,subject_id,TEXT,false,,Identifier for the associated subject.
amc_notes_metadata,note_type,TEXT,false,,Note type.
amc_notes_metadata,char_length,INTEGER,false,,Char length.
amc_notes_metadata,word_length,INTEGER,false,,Word length.
amc_notes_metadata,token_length,INTEGER,false,,Token length.
amc_notes_metadata,source_file,TEXT,false,,Source file.
death_registration,pseudo_id,TEXT,false,amc_core.patient_not_traceable(pseudo_id),Pseudonymized patient identifier.
death_registration,patient_contact_id,TEXT,true,amc_core.patient_appointment(patient_contact_id),Identifier of the clinical contact/encounter this record belongs to.
death_registration,meet_time,TIME,true,,Date/time field: Meet time.
death_registration,meet_date,DATE,false,,Date/time field: Meet date.
death_registration,measurement_moment,TIMESTAMPTZ,false,,Date/time field: Measurement moment.
death_registration,hospital_location,TEXT,false,,Hospital/site location for this record.
death_registration,department_of_death,TEXT,false,,Department of death.
death_registration,location_of_death,TEXT,false,,Location of death.
death_registration,mode_of_entry,TEXT,false,,Mode of entry.
death_registration,risk_of_contamination_filled_in_nurse,TEXT,false,,Risk of contamination filled in nurse.
death_registration,ab_statement_issued_to,TEXT,false,,Ab statement issued to.
death_registration,date_transfer_mortuary,DATE,false,,Date/time field: Date transfer mortuary.
death_registration,time_transfer_mortuary,TIME,false,,Date/time field: Time transfer mortuary.
death_registration,probable_cause_of_death,TEXT,false,,Probable cause of death.
death_registration,probable_cause_of_death_specific,TEXT,false,,Probable cause of death specific.
death_registration,cremation_fetus_by_hospital,TEXT,false,,Cremation fetus by hospital.
death_registration,chance_of_contamination_risk_filled_in_doctor,TEXT,false,,Chance of contamination risk filled in doctor.
death_registration,other_additional_examinations,TEXT,false,,Other additional examinations.
death_registration,destination_deceased,TEXT,false,,Destination deceased.
death_registration,autopsy,TEXT,false,,Autopsy.
death_registration,information_autopsy_data,TEXT,false,,Information autopsy data.
death_registration,permission_autopsy_next_of_kin,TEXT,false,,Permission autopsy next of kin.
death_registration,body_autopsy,TEXT,false,,Body autopsy.
death_registration,skull_autopsy,TEXT,false,,Skull autopsy.
death_registration,natural_death,TEXT,false,,Natural death.
death_registration,source,TEXT,false,,Source system the record originated from.
death_registration,dcm_refreshed_date_time,TIMESTAMPTZ,false,,Timestamp of the last data warehouse refresh for this record.
death_registration,issue_dt,TIMESTAMPTZ,false,,Timestamp the record was issued/extracted from source.
ecg_measurement,pseudo_id,TEXT,true,amc_core.patient_not_traceable(pseudo_id),Pseudonymized patient identifier.
ecg_measurement,ecg_measurement_id,TEXT,true,,Identifier for the associated eCG measurement.
ecg_measurement,test_code,TEXT,false,,Test code.
ecg_measurement,site_code,TEXT,false,,Site code.
ecg_measurement,ecg_decrease_date,DATE,false,,Date/time field: ECG decrease date.
ecg_measurement,ecg_decrease_time,TIME,false,,Date/time field: ECG decrease time.
ecg_measurement,ecg_decrease_date_time,TIMESTAMPTZ,false,,Date/time field: ECG decrease date time.
ecg_measurement,test_status,TEXT,false,,Test status.
ecg_measurement,test_status_code,TEXT,false,,Test status code.
ecg_measurement,test_status_abbreviation,TEXT,false,,Test status abbreviation.
ecg_measurement,test_type,TEXT,false,,Test type.
ecg_measurement,test_type_code,TEXT,false,,Test type code.
ecg_measurement,test_type_abbreviation,TEXT,false,,Test type abbreviation.
ecg_measurement,priority,TEXT,false,,Priority.
ecg_measurement,priority_code,TEXT,false,,Priority code.
ecg_measurement,priority_abbreviation,TEXT,false,,Priority abbreviation.
ecg_measurement,workplace_muse,TEXT,false,,MUSE ECG system workplace.
ecg_measurement,workplace_muse_code,TEXT,false,,MUSE ECG system workplace: code.
ecg_measurement,workplace_muse_abbreviation,TEXT,false,,MUSE ECG system workplace: abbreviation.
ecg_measurement,is_ecg_measured_median_beat,TEXT,false,,Flag: ECG measured median beat.
ecg_measurement,is_ecg_measured_at_rest,TEXT,false,,"Is: ECG, measured, at rest."
ecg_measurement,p_onset_at_medianbeat,NUMERIC,false,,"P wave onset: at, median beat."
ecg_measurement,p_offset_at_medianbeat,NUMERIC,false,,"P wave offset: at, median beat."
ecg_measurement,q_onset_at_medianbeat,NUMERIC,false,,"Q wave onset: at, median beat."
ecg_measurement,q_offset_at_medianbeat,NUMERIC,false,,"Q wave offset: at, median beat."
ecg_measurement,t_onset_at_medianbeat,NUMERIC,false,,"T wave onset: at, median beat."
ecg_measurement,t_offset_at_medianbeat,NUMERIC,false,,"T wave offset: at, median beat."
ecg_measurement,pr_interval_at_medianbeat,NUMERIC,false,,"PR interval: at, median beat."
ecg_measurement,ventricular_rate_at_medianbeat,NUMERIC,false,,"Ventricular rate: at, median beat."
ecg_measurement,avg_rr_interval,NUMERIC,false,,Average RR interval.
ecg_measurement,qrs_count,NUMERIC,false,,QRS count.
ecg_measurement,qrs_duration_at_medianbeat,NUMERIC,false,,"QRS duration: at, median beat."
ecg_measurement,qt_interval_at_medianbeat,NUMERIC,false,,"QT interval: at, median beat."
ecg_measurement,q_tc_bazett_at_medianbeat,NUMERIC,false,,"QTc (Bazett formula): at, median beat."
ecg_measurement,systolic_bp_at_rest,NUMERIC,false,,Systolic blood pressure: at rest.
ecg_measurement,diastolic_bp_at_rest,NUMERIC,false,,Diastolic blood pressure: at rest.
ecg_measurement,ventricular_rate_at_rest,NUMERIC,false,,Ventricular rate: at rest.
ecg_measurement,atrial_rate_at_rest,NUMERIC,false,,Atrial rate: at rest.
ecg_measurement,p_axis_at_rest,NUMERIC,false,,P wave axis: at rest.
ecg_measurement,r_axis_at_rest,NUMERIC,false,,R wave axis: at rest.
ecg_measurement,t_axis_at_rest,NUMERIC,false,,T wave axis: at rest.
ecg_measurement,p_onset_at_rest,NUMERIC,false,,P wave onset: at rest.
ecg_measurement,p_offset_at_rest,NUMERIC,false,,P wave offset: at rest.
ecg_measurement,q_onset_at_rest,NUMERIC,false,,Q wave onset: at rest.
ecg_measurement,q_offset_at_rest,NUMERIC,false,,Q wave offset: at rest.
ecg_measurement,t_offset_at_rest,NUMERIC,false,,T wave offset: at rest.
ecg_measurement,pr_interval_at_rest,NUMERIC,false,,PR interval: at rest.
ecg_measurement,qrs_count_at_rest,NUMERIC,false,,QRS count: at rest.
ecg_measurement,qrs_duration_at_rest,NUMERIC,false,,QRS duration: at rest.
ecg_measurement,qt_interval_at_rest,NUMERIC,false,,QT interval: at rest.
ecg_measurement,qtc_calculation_at_rest,NUMERIC,false,,QTc calculation: at rest.
ecg_measurement,qtc_fredericia_at_rest,NUMERIC,false,,QTc (Fredericia formula): at rest.
ecg_measurement,qtc_framingham_at_rest,NUMERIC,false,,QTc (Framingham formula): at rest.
ecg_measurement,ecg_sample_base_at_rest,NUMERIC,false,,"ECG: sample base, at rest."
ecg_measurement,ecg_sample_exponent_at_rest,NUMERIC,false,,"ECG: sample exponent, at rest."
ecg_measurement,source,TEXT,false,,Source system the record originated from.
ecg_measurement,dcm_refreshed_date_time,TIMESTAMPTZ,false,,Timestamp of the last data warehouse refresh for this record.
ecg_measurement,issue_dt,TIMESTAMPTZ,false,,Timestamp the record was issued/extracted from source.
ecg_measurement,abnormal_decrease_date_time,BOOLEAN,false,,Quality flag: 1 if ecg_decrease_date_time is before the year 2000.
ecg_measurement,probable_contact_id,TEXT,false,,Contact ID inferred via date-range linkage repair (05_linkage_repair) when the source data had no direct contact match.
ecg_measurement,probable_partial_traject_id,TEXT,false,,Partial-traject ID inferred via date-range linkage repair (05_linkage_repair) when the source data had no direct contact match.
ecg_measurement_test_feature,pseudo_id,TEXT,true,amc_core.patient_not_traceable(pseudo_id),Pseudonymized patient identifier.
ecg_measurement_test_feature,ecg_measurement_id,TEXT,true,,Identifier for the associated eCG measurement.
ecg_measurement_test_feature,test_code,TEXT,false,,Test code.
ecg_measurement_test_feature,site_code,TEXT,false,,Site code.
ecg_measurement_test_feature,ecg_decrease_date,DATE,false,,Date/time field: ECG decrease date.
ecg_measurement_test_feature,ecg_decrease_time,TIME,false,,Date/time field: ECG decrease time.
ecg_measurement_test_feature,ecg_decrease_date_time,TIMESTAMPTZ,false,,Date/time field: ECG decrease date time.
ecg_measurement_test_feature,ecg_change_date_time,TIMESTAMPTZ,false,,Date/time field: ECG change date time.
ecg_measurement_test_feature,test_status,TEXT,false,,Test status.
ecg_measurement_test_feature,test_status_code,TEXT,false,,Test status code.
ecg_measurement_test_feature,test_status_abbreviation,TEXT,false,,Test status abbreviation.
ecg_measurement_test_feature,test_type_description,TEXT,false,,Test type description.
ecg_measurement_test_feature,test_type_code,TEXT,false,,Test type code.
ecg_measurement_test_feature,test_type_abbreviation,TEXT,false,,Test type abbreviation.
ecg_measurement_test_feature,priority,TEXT,false,,Priority.
ecg_measurement_test_feature,priority_code,TEXT,false,,Priority code.
ecg_measurement_test_feature,priority_abbreviation,TEXT,false,,Priority abbreviation.
ecg_measurement_test_feature,workplace_muse,TEXT,false,,MUSE ECG system workplace.
ecg_measurement_test_feature,workplace_muse_abbreviation,TEXT,false,,MUSE ECG system workplace: abbreviation.
ecg_measurement_test_feature,workplace_muse_code,TEXT,false,,MUSE ECG system workplace: code.
ecg_measurement_test_feature,ecg_cartnumber,TEXT,false,,ECG: cartnumber.
ecg_measurement_test_feature,ecg_decrease_device,TEXT,false,,ECG decrease device.
ecg_measurement_test_feature,ecg_decrease_software_version,TEXT,false,,ECG decrease software version.
ecg_measurement_test_feature,ecg_analysis_software_version,TEXT,false,,ECG analysis software version.
ecg_measurement_test_feature,source,TEXT,false,,Source system the record originated from.
ecg_measurement_test_feature,issue_dt,TIMESTAMPTZ,false,,Timestamp the record was issued/extracted from source.
ecg_measurement_test_feature,abnormal_date_flag,BOOLEAN,false,,Quality flag: 1 if ecg_change_date_time or ecg_decrease_date_time is before the year 2000.
echo_measurement_heart_center_extra_check,id,BIGSERIAL,true,,Surrogate primary key for this row.
echo_measurement_heart_center_extra_check,pseudo_id,TEXT,false,amc_core.patient_not_traceable(pseudo_id),Pseudonymized patient identifier.
echo_measurement_heart_center_extra_check,examination_date,DATE,false,,Date/time field: Examination date.
echo_measurement_heart_center_extra_check,hospital_location,TEXT,false,,Hospital/site location for this record.
echo_measurement_heart_center_extra_check,bmi,NUMERIC,false,,Body mass index.
echo_measurement_heart_center_extra_check,bsa,NUMERIC,false,,Body surface area.
echo_measurement_heart_center_extra_check,ao_desc_max_pg,NUMERIC,false,,"Aorta: desc, maximum pressure gradient."
echo_measurement_heart_center_extra_check,diam_sinus_valsalva,NUMERIC,false,,Sinus of Valsalva diameter.
echo_measurement_heart_center_extra_check,ao_root_diam,NUMERIC,false,,"Aorta: root, diameter."
echo_measurement_heart_center_extra_check,ao_desc_abd_diam,NUMERIC,false,,"Aorta: desc, abd, diameter."
echo_measurement_heart_center_extra_check,isthmus_ao_diam,NUMERIC,false,,"Isthmus: aorta, diameter."
echo_measurement_heart_center_extra_check,ao_desc_vmax,NUMERIC,false,,"Aorta: desc, peak (maximum) velocity."
echo_measurement_heart_center_extra_check,ao_asc_vmax,NUMERIC,false,,"Aorta: asc, peak (maximum) velocity."
echo_measurement_heart_center_extra_check,ao_bow_diam,NUMERIC,false,,"Aorta: bow, diameter."
echo_measurement_heart_center_extra_check,ao_asc_max_pg,NUMERIC,false,,"Aorta: asc, maximum pressure gradient."
echo_measurement_heart_center_extra_check,ao_asc_diam,NUMERIC,false,,"Aorta: asc, diameter."
echo_measurement_heart_center_extra_check,ao_root_diam_duplicate,NUMERIC,false,,"Aorta: root, diameter, (duplicate/secondary entry)."
echo_measurement_heart_center_extra_check,dist_diam_ao_bow,NUMERIC,false,,"Dist: diameter, aorta, bow."
echo_measurement_heart_center_extra_check,ao_st_junct_diam,NUMERIC,false,,"Aorta: st, junct, diameter."
echo_measurement_heart_center_extra_check,ao_desc_thorac_diam,NUMERIC,false,,"Aorta: desc, thorac, diameter."
echo_measurement_heart_center_extra_check,av_slip,NUMERIC,false,,Aortic valve: slip.
echo_measurement_heart_center_extra_check,ar_dec_slope,NUMERIC,false,,Aortic regurgitation: deceleration slope.
echo_measurement_heart_center_extra_check,av_ci,NUMERIC,false,,Aortic valve: cardiac index.
echo_measurement_heart_center_extra_check,av_diam,NUMERIC,false,,Aortic valve: diameter.
echo_measurement_heart_center_extra_check,av_hr,NUMERIC,false,,Aortic valve: heart rate.
echo_measurement_heart_center_extra_check,av_max_pg,NUMERIC,false,,Aortic valve: maximum pressure gradient.
echo_measurement_heart_center_extra_check,av_co,NUMERIC,false,,Aortic valve: cardiac output.
echo_measurement_heart_center_extra_check,avet,NUMERIC,false,,Aortic valve ejection time.
echo_measurement_heart_center_extra_check,ava_planimetry,NUMERIC,false,,Aortic valve area: area by planimetry.
echo_measurement_heart_center_extra_check,av_vti,NUMERIC,false,,Aortic valve: velocity time integral.
echo_measurement_heart_center_extra_check,ar_as_skin,TEXT,false,,Aortic regurgitation: distance from skin (subcostal).
echo_measurement_heart_center_extra_check,ar_vena_contracta,NUMERIC,false,,Aortic regurgitation: vena contracta width.
echo_measurement_heart_center_extra_check,ar_rad,NUMERIC,false,,Aortic regurgitation: radius.
echo_measurement_heart_center_extra_check,av_vmax,NUMERIC,false,,Aortic valve: peak (maximum) velocity.
echo_measurement_heart_center_extra_check,ar_vti,NUMERIC,false,,Aortic regurgitation: velocity time integral.
echo_measurement_heart_center_extra_check,ar_flow,NUMERIC,false,,Aortic regurgitation: regurgitant/flow volume.
echo_measurement_heart_center_extra_check,ar_max_pg,NUMERIC,false,,Aortic regurgitation: maximum pressure gradient.
echo_measurement_heart_center_extra_check,av_vmean,NUMERIC,false,,Aortic valve: mean velocity.
echo_measurement_heart_center_extra_check,av_slip_duplicate,NUMERIC,false,,"Aortic valve: slip, (duplicate/secondary entry)."
echo_measurement_heart_center_extra_check,ar_vmax,NUMERIC,false,,Aortic regurgitation: peak (maximum) velocity.
echo_measurement_heart_center_extra_check,av_surface,NUMERIC,false,,Aortic valve: valve surface area.
echo_measurement_heart_center_extra_check,ava_vmax,NUMERIC,false,,Aortic valve area: peak (maximum) velocity.
echo_measurement_heart_center_extra_check,ar_vmean,NUMERIC,false,,Aortic regurgitation: mean velocity.
echo_measurement_heart_center_extra_check,ar_rv,NUMERIC,false,,Aortic regurgitation: right ventricle.
echo_measurement_heart_center_extra_check,ar_ero,NUMERIC,false,,Aortic regurgitation: effective regurgitant orifice area.
echo_measurement_heart_center_extra_check,av_mean_pg,NUMERIC,false,,Aortic valve: mean pressure gradient.
echo_measurement_heart_center_extra_check,av_sv,NUMERIC,false,,Aortic valve: stroke volume.
echo_measurement_heart_center_extra_check,ava_vti_index,NUMERIC,false,,"Aortic valve area: velocity time integral, indexed to body surface area."
echo_measurement_heart_center_extra_check,ar_dec_time,NUMERIC,false,,Aortic regurgitation: deceleration time.
echo_measurement_heart_center_extra_check,avai_planimetry,NUMERIC,false,,Indexed aortic valve area: area by planimetry.
echo_measurement_heart_center_extra_check,ar_rf,NUMERIC,false,,Aortic regurgitation: regurgitant fraction.
echo_measurement_heart_center_extra_check,ar_pht,NUMERIC,false,,Aortic regurgitation: pressure half-time.
echo_measurement_heart_center_extra_check,ava_vti,NUMERIC,false,,Aortic valve area: velocity time integral.
echo_measurement_heart_center_extra_check,ar_mean_pg,NUMERIC,false,,Aortic regurgitation: mean pressure gradient.
echo_measurement_heart_center_extra_check,ar_vmax_duplicate,NUMERIC,false,,"Aortic regurgitation: peak (maximum) velocity, (duplicate/secondary entry)."
echo_measurement_heart_center_extra_check,av_si,NUMERIC,false,,Aortic valve: si.
echo_measurement_heart_center_extra_check,av_diam_index,NUMERIC,false,,"Aortic valve: diameter, indexed to body surface area."
echo_measurement_heart_center_extra_check,av_diam_duplicate,NUMERIC,false,,"Aortic valve: diameter, (duplicate/secondary entry)."
echo_measurement_heart_center_extra_check,lpa_vmax,NUMERIC,false,,Left pulmonary artery: peak (maximum) velocity.
echo_measurement_heart_center_extra_check,lpa_max_pg,NUMERIC,false,,Left pulmonary artery: maximum pressure gradient.
echo_measurement_heart_center_extra_check,rpa_vmax,NUMERIC,false,,Right pulmonary artery: peak (maximum) velocity.
echo_measurement_heart_center_extra_check,rpa,TEXT,false,,Right pulmonary artery.
echo_measurement_heart_center_extra_check,rpa_max_pg,NUMERIC,false,,Right pulmonary artery: maximum pressure gradient.
echo_measurement_heart_center_extra_check,mpa_vmax,NUMERIC,false,,Main pulmonary artery: peak (maximum) velocity.
echo_measurement_heart_center_extra_check,lpa,TEXT,false,,Left pulmonary artery.
echo_measurement_heart_center_extra_check,laesv_a_l_a2c,NUMERIC,false,,"Left atrial end-systolic volume: area-length method, apical 2-chamber view."
echo_measurement_heart_center_extra_check,la_short,NUMERIC,false,,Left atrium: short.
echo_measurement_heart_center_extra_check,laedv_mod_bip,NUMERIC,false,,Left atrial end-diastolic volume: modified Simpson biplane method.
echo_measurement_heart_center_extra_check,la_lang,TEXT,false,,Left atrium: lang.
echo_measurement_heart_center_extra_check,la_diam,NUMERIC,false,,Left atrium: diameter.
echo_measurement_heart_center_extra_check,la_area,NUMERIC,false,,Left atrium: area.
echo_measurement_heart_center_extra_check,laesv_mod_a4c,NUMERIC,false,,"Left atrial end-systolic volume: modified Simpson method, apical 4-chamber view."
echo_measurement_heart_center_extra_check,lald_a4c,NUMERIC,false,,Left atrial long-axis diameter: apical 4-chamber view.
echo_measurement_heart_center_extra_check,laedv_a_l_a4c,NUMERIC,false,,"Left atrial end-diastolic volume: area-length method, apical 4-chamber view."
echo_measurement_heart_center_extra_check,laesvi_mod_bip,NUMERIC,false,,Indexed left atrial end-systolic volume: modified Simpson biplane method.
echo_measurement_heart_center_extra_check,laesv_mod_bip,NUMERIC,false,,Left atrial end-systolic volume: modified Simpson biplane method.
echo_measurement_heart_center_extra_check,la_over_ao,NUMERIC,false,,"Left atrium: over, aorta."
echo_measurement_heart_center_extra_check,laesvi_a_l,NUMERIC,false,,Indexed left atrial end-systolic volume: area-length method.
echo_measurement_heart_center_extra_check,la_diam_duplicate,NUMERIC,false,,"Left atrium: diameter, (duplicate/secondary entry)."
echo_measurement_heart_center_extra_check,laesv_a_l_a4c,NUMERIC,false,,"Left atrial end-systolic volume: area-length method, apical 4-chamber view."
echo_measurement_heart_center_extra_check,laa_d2,NUMERIC,false,,Left atrial appendage: d2.
echo_measurement_heart_center_extra_check,laedvi_a_l,NUMERIC,false,,Indexed left atrial end-diastolic volume: area-length method.
echo_measurement_heart_center_extra_check,laedv_mod_a2c,NUMERIC,false,,"Left atrial end-diastolic volume: modified Simpson method, apical 2-chamber view."
echo_measurement_heart_center_extra_check,lals_a4c,NUMERIC,false,,Left atrial strain: apical 4-chamber view.
echo_measurement_heart_center_extra_check,laesv_a_l_bip,NUMERIC,false,,"Left atrial end-systolic volume: area-length method, bip."
echo_measurement_heart_center_extra_check,laesv_mod_a2c,NUMERIC,false,,"Left atrial end-systolic volume: modified Simpson method, apical 2-chamber view."
echo_measurement_heart_center_extra_check,laedv_mod_a4c,NUMERIC,false,,"Left atrial end-diastolic volume: modified Simpson method, apical 4-chamber view."
echo_measurement_heart_center_extra_check,laedv_a_l_bip,NUMERIC,false,,"Left atrial end-diastolic volume: area-length method, bip."
echo_measurement_heart_center_extra_check,laad_a4c,NUMERIC,false,,Left atrial area (diastole): apical 4-chamber view.
echo_measurement_heart_center_extra_check,laas_a4c,NUMERIC,false,,Left atrial area (systole): apical 4-chamber view.
echo_measurement_heart_center_extra_check,laa_d1,NUMERIC,false,,Left atrial appendage: d1.
echo_measurement_heart_center_extra_check,laedv_a_l_a2c,NUMERIC,false,,"Left atrial end-diastolic volume: area-length method, apical 2-chamber view."
echo_measurement_heart_center_extra_check,p_vein_s_vmax,NUMERIC,false,,"Pulmonary vein: s, peak (maximum) velocity."
echo_measurement_heart_center_extra_check,p_vein_a_duration,NUMERIC,false,,Pulmonary vein: A wave duration.
echo_measurement_heart_center_extra_check,p_vein_a_vmax,NUMERIC,false,,"Pulmonary vein: a, peak (maximum) velocity."
echo_measurement_heart_center_extra_check,p_vein_s_over_d,NUMERIC,false,,Pulmonary vein: S/D ratio.
echo_measurement_heart_center_extra_check,p_vein_d_vmax,NUMERIC,false,,"Pulmonary vein: d, peak (maximum) velocity."
echo_measurement_heart_center_extra_check,l_ader_a_duration_about_mv_a_duration,NUMERIC,false,,"L: ader, A wave duration, about, mitral valve, A wave duration."
echo_measurement_heart_center_extra_check,mr_vmax,NUMERIC,false,,Mitral regurgitation: peak (maximum) velocity.
echo_measurement_heart_center_extra_check,e_f_slope,NUMERIC,false,,Mitral valve E-F slope.
echo_measurement_heart_center_extra_check,mv_a_velocity,NUMERIC,false,,Mitral valve: A wave velocity.
echo_measurement_heart_center_extra_check,mr_vena_contracta,NUMERIC,false,,Mitral regurgitation: vena contracta width.
echo_measurement_heart_center_extra_check,mv_e_over_a,NUMERIC,false,,Mitral valve: E/A ratio.
echo_measurement_heart_center_extra_check,mv_e_deriv,NUMERIC,false,,Mitral valve: e' (tissue Doppler early diastolic velocity).
echo_measurement_heart_center_extra_check,mv_e_deriv_sept,NUMERIC,false,,"Mitral valve: e' (tissue Doppler early diastolic velocity), septal."
echo_measurement_heart_center_extra_check,mv_e_deriv_lat,NUMERIC,false,,"Mitral valve: e' (tissue Doppler early diastolic velocity), lateral."
echo_measurement_heart_center_extra_check,mv_e_over_e_deriv_avg,NUMERIC,false,,"Mitral valve: E/e' ratio, avg."
echo_measurement_heart_center_extra_check,mv_a_duration,NUMERIC,false,,Mitral valve: A wave duration.
echo_measurement_heart_center_extra_check,mv_a_deriv_lat,NUMERIC,false,,"Mitral valve: a, deriv, lateral."
echo_measurement_heart_center_extra_check,mr_vmax_duplicate,NUMERIC,false,,"Mitral regurgitation: peak (maximum) velocity, (duplicate/secondary entry)."
echo_measurement_heart_center_extra_check,mr_vmean,NUMERIC,false,,Mitral regurgitation: mean velocity.
echo_measurement_heart_center_extra_check,mv_e_deriv_over_a_deriv_lat,NUMERIC,false,,"Mitral valve: e' (tissue Doppler early diastolic velocity), over, a, deriv, lateral."
echo_measurement_heart_center_extra_check,mv_e_over_e_deriv_lat,NUMERIC,false,,"Mitral valve: E/e' ratio, lateral."
echo_measurement_heart_center_extra_check,mv_co,NUMERIC,false,,Mitral valve: cardiac output.
echo_measurement_heart_center_extra_check,mr_dp_over_dt,NUMERIC,false,,Mitral regurgitation dP/dt (contractility index).
echo_measurement_heart_center_extra_check,mva_pht,NUMERIC,false,,Mitral valve area: pressure half-time.
echo_measurement_heart_center_extra_check,epss,NUMERIC,false,,E-point septal separation.
echo_measurement_heart_center_extra_check,mv_pht,NUMERIC,false,,Mitral valve: pressure half-time.
echo_measurement_heart_center_extra_check,mv_max_pg,NUMERIC,false,,Mitral valve: maximum pressure gradient.
echo_measurement_heart_center_extra_check,mr_rad,NUMERIC,false,,Mitral regurgitation: radius.
echo_measurement_heart_center_extra_check,mv_sv,NUMERIC,false,,Mitral valve: stroke volume.
echo_measurement_heart_center_extra_check,mv_ivrt,NUMERIC,false,,Mitral valve: isovolumic relaxation time.
echo_measurement_heart_center_extra_check,mr_as_vel,NUMERIC,false,,Mitral regurgitation: peak velocity.
echo_measurement_heart_center_extra_check,mv_acc_time,NUMERIC,false,,Mitral valve: acceleration time.
echo_measurement_heart_center_extra_check,mr_mean_pg,NUMERIC,false,,Mitral regurgitation: mean pressure gradient.
echo_measurement_heart_center_extra_check,mco,NUMERIC,false,,Mitral cardiac output.
echo_measurement_heart_center_extra_check,mv_s_deriv_lat,NUMERIC,false,,"Mitral valve: s' (tissue Doppler systolic velocity), lateral."
echo_measurement_heart_center_extra_check,mv_vmax,NUMERIC,false,,Mitral valve: peak (maximum) velocity.
echo_measurement_heart_center_extra_check,mv_ann_diam,NUMERIC,false,,Mitral annulus: diameter.
echo_measurement_heart_center_extra_check,mr_max_pg,NUMERIC,false,,Mitral regurgitation: maximum pressure gradient.
echo_measurement_heart_center_extra_check,mva_vti,NUMERIC,false,,Mitral valve area: velocity time integral.
echo_measurement_heart_center_extra_check,mr_ero,NUMERIC,false,,Mitral regurgitation: effective regurgitant orifice area.
echo_measurement_heart_center_extra_check,mr_flow,NUMERIC,false,,Mitral regurgitation: regurgitant/flow volume.
echo_measurement_heart_center_extra_check,mv_mean_pg,NUMERIC,false,,Mitral valve: mean pressure gradient.
echo_measurement_heart_center_extra_check,mv_s_deriv_sept,NUMERIC,false,,"Mitral valve: s' (tissue Doppler systolic velocity), septal."
echo_measurement_heart_center_extra_check,mv_vmean,NUMERIC,false,,Mitral valve: mean velocity.
echo_measurement_heart_center_extra_check,mv_e_over_e_deriv,NUMERIC,false,,Mitral valve: E/e' ratio.
echo_measurement_heart_center_extra_check,mr_vti,NUMERIC,false,,Mitral regurgitation: velocity time integral.
echo_measurement_heart_center_extra_check,mv_ivct,NUMERIC,false,,Mitral valve: isovolumic contraction time.
echo_measurement_heart_center_extra_check,mv_e_deriv_avg,NUMERIC,false,,"Mitral valve: e' (tissue Doppler early diastolic velocity), avg."
echo_measurement_heart_center_extra_check,mr_vti_duplicate,NUMERIC,false,,"Mitral regurgitation: velocity time integral, (duplicate/secondary entry)."
echo_measurement_heart_center_extra_check,mv_e_over_e_deriv_sept,NUMERIC,false,,"Mitral valve: E/e' ratio, septal."
echo_measurement_heart_center_extra_check,mv_hr,NUMERIC,false,,Mitral valve: heart rate.
echo_measurement_heart_center_extra_check,mr_rv,NUMERIC,false,,Mitral regurgitation: right ventricle.
echo_measurement_heart_center_extra_check,mr_rf,NUMERIC,false,,Mitral regurgitation: regurgitant fraction.
echo_measurement_heart_center_extra_check,mv_e_velocity,NUMERIC,false,,Mitral valve: E wave velocity.
echo_measurement_heart_center_extra_check,mv_e_deriv_over_a_deriv_sept,NUMERIC,false,,"Mitral valve: e' (tissue Doppler early diastolic velocity), over, a, deriv, septal."
echo_measurement_heart_center_extra_check,mva_planimetry,NUMERIC,false,,Mitral valve area: area by planimetry.
echo_measurement_heart_center_extra_check,mv_vti,NUMERIC,false,,Mitral valve: velocity time integral.
echo_measurement_heart_center_extra_check,mv_dec_time,NUMERIC,false,,Mitral valve: deceleration time.
echo_measurement_heart_center_extra_check,mv_a_deriv_sept,NUMERIC,false,,"Mitral valve: a, deriv, septal."
echo_measurement_heart_center_extra_check,mv_dec_slope,NUMERIC,false,,Mitral valve: deceleration slope.
echo_measurement_heart_center_extra_check,bd_syst,NUMERIC,false,,Blood pressure: systolic.
echo_measurement_heart_center_extra_check,bd_diast,NUMERIC,false,,Blood pressure: diastolic.
echo_measurement_heart_center_extra_check,heart_rate,NUMERIC,false,,Heart rate.
echo_measurement_heart_center_extra_check,lvpw_perc,NUMERIC,false,,LV posterior wall: perc.
echo_measurement_heart_center_extra_check,glps_afi_a2c,NUMERIC,false,,"Global longitudinal peak strain: automated function imaging (strain), apical 2-chamber view."
echo_measurement_heart_center_extra_check,lvids_index,NUMERIC,false,,LV internal diameter (systole): indexed to body surface area.
echo_measurement_heart_center_extra_check,mal_pieksys_sl_a4c,NUMERIC,false,,"LV segmental peak systolic longitudinal strain (2D speckle tracking), segment code embedded in column name, apical 4-chamber view."
echo_measurement_heart_center_extra_check,ivss,NUMERIC,false,,Interventricular septum thickness (systole).
echo_measurement_heart_center_extra_check,lvidd_index,NUMERIC,false,,LV internal diameter (diastole): indexed to body surface area.
echo_measurement_heart_center_extra_check,aa_pieksys_sl_a2c,NUMERIC,false,,"LV segmental peak systolic longitudinal strain (2D speckle tracking), segment code embedded in column name, apical 2-chamber view."
echo_measurement_heart_center_extra_check,al_pieksys_sl_a4c,NUMERIC,false,,"LV segmental peak systolic longitudinal strain (2D speckle tracking), segment code embedded in column name, apical 4-chamber view."
echo_measurement_heart_center_extra_check,lvdd_major_a4c,NUMERIC,false,,"LV diastolic dimension: major, apical 4-chamber view."
echo_measurement_heart_center_extra_check,lvad_a4c,NUMERIC,false,,LV diastolic area: apical 4-chamber view.
echo_measurement_heart_center_extra_check,mas_pieksys_sl_aplax,NUMERIC,false,,"LV segmental peak systolic longitudinal strain (2D speckle tracking), segment code embedded in column name, apical long-axis view."
echo_measurement_heart_center_extra_check,mis_pieksys_sl_a4c,NUMERIC,false,,"LV segmental peak systolic longitudinal strain (2D speckle tracking), segment code embedded in column name, apical 4-chamber view."
echo_measurement_heart_center_extra_check,lvpwd,NUMERIC,false,,LV posterior wall thickness (diastole).
echo_measurement_heart_center_extra_check,lvad_paras_pm,NUMERIC,false,,LV diastolic area: parasternal papillary muscle level.
echo_measurement_heart_center_extra_check,ivsd,NUMERIC,false,,Interventricular septum thickness (diastole).
echo_measurement_heart_center_extra_check,lvad,NUMERIC,false,,LV diastolic area.
echo_measurement_heart_center_extra_check,lvids_index_duplicate,NUMERIC,false,,"LV internal diameter (systole): indexed to body surface area, (duplicate/secondary entry)."
echo_measurement_heart_center_extra_check,glps_afi_a4c,NUMERIC,false,,"Global longitudinal peak strain: automated function imaging (strain), apical 4-chamber view."
echo_measurement_heart_center_extra_check,limp,TEXT,false,,LIMP (LV index of myocardial performance).
echo_measurement_heart_center_extra_check,lvas_a4c,NUMERIC,false,,LV systolic area: apical 4-chamber view.
echo_measurement_heart_center_extra_check,glps_4d_auto_lvq,TEXT,false,,Global longitudinal peak strain: 4D auto LV quantification.
echo_measurement_heart_center_extra_check,ma_pieksys_sl_a2c,NUMERIC,false,,"LV segmental peak systolic longitudinal strain (2D speckle tracking), segment code embedded in column name, apical 2-chamber view."
echo_measurement_heart_center_extra_check,lvids,NUMERIC,false,,LV internal diameter (systole).
echo_measurement_heart_center_extra_check,ba_pieksys_sl_a2c,NUMERIC,false,,"LV segmental peak systolic longitudinal strain (2D speckle tracking), segment code embedded in column name, apical 2-chamber view."
echo_measurement_heart_center_extra_check,bi_pieksys_sl_a2c,NUMERIC,false,,"LV segmental peak systolic longitudinal strain (2D speckle tracking), segment code embedded in column name, apical 2-chamber view."
echo_measurement_heart_center_extra_check,mi_pieksys_sl_a2c,NUMERIC,false,,"LV segmental peak systolic longitudinal strain (2D speckle tracking), segment code embedded in column name, apical 2-chamber view."
echo_measurement_heart_center_extra_check,ap_pieksys_sl_aplax,NUMERIC,false,,"LV segmental peak systolic longitudinal strain (2D speckle tracking), segment code embedded in column name, apical long-axis view."
echo_measurement_heart_center_extra_check,lvas,NUMERIC,false,,LV systolic area.
echo_measurement_heart_center_extra_check,lvas_paras_pm,NUMERIC,false,,LV systolic area: parasternal papillary muscle level.
echo_measurement_heart_center_extra_check,lvas_epi_paras_pm,NUMERIC,false,,"LV systolic area: epicardial, parasternal papillary muscle level."
echo_measurement_heart_center_extra_check,aas_pieksys_sl_aplax,NUMERIC,false,,"LV segmental peak systolic longitudinal strain (2D speckle tracking), segment code embedded in column name, apical long-axis view."
echo_measurement_heart_center_extra_check,lvidd_index_duplicate,NUMERIC,false,,"LV internal diameter (diastole): indexed to body surface area, (duplicate/secondary entry)."
echo_measurement_heart_center_extra_check,vsd_size_2,NUMERIC,false,,Ventricular septal defect size: 2.
echo_measurement_heart_center_extra_check,bil_pieksys_sl_aplax,NUMERIC,false,,"LV segmental peak systolic longitudinal strain (2D speckle tracking), segment code embedded in column name, apical long-axis view."
echo_measurement_heart_center_extra_check,lv_hr,NUMERIC,false,,LV heart rate.
echo_measurement_heart_center_extra_check,lvidd,NUMERIC,false,,LV internal diameter (diastole).
echo_measurement_heart_center_extra_check,lvidd_duplicate,NUMERIC,false,,LV internal diameter (diastole): (duplicate/secondary entry).
echo_measurement_heart_center_extra_check,lvds_major_a4c,NUMERIC,false,,LV major-axis dimension (systole): apical 4-chamber view.
echo_measurement_heart_center_extra_check,lvids_duplicate,NUMERIC,false,,LV internal diameter (systole): (duplicate/secondary entry).
echo_measurement_heart_center_extra_check,mil_pieksys_sl_aplax,NUMERIC,false,,"LV segmental peak systolic longitudinal strain (2D speckle tracking), segment code embedded in column name, apical long-axis view."
echo_measurement_heart_center_extra_check,lv_hr_duplicate,NUMERIC,false,,LV heart rate: (duplicate/secondary entry).
echo_measurement_heart_center_extra_check,lvld_apical,NUMERIC,false,,LV longitudinal diameter: apical.
echo_measurement_heart_center_extra_check,ivss_duplicate,NUMERIC,false,,Interventricular septum thickness (systole): (duplicate/secondary entry).
echo_measurement_heart_center_extra_check,lvpws,NUMERIC,false,,LV posterior wall thickness (systole).
echo_measurement_heart_center_extra_check,lvrwt,NUMERIC,false,,LV relative wall thickness.
echo_measurement_heart_center_extra_check,lvpwd_duplicate,NUMERIC,false,,LV posterior wall thickness (diastole): (duplicate/secondary entry).
echo_measurement_heart_center_extra_check,lvdd_major_a2c,NUMERIC,false,,"LV diastolic dimension: major, apical 2-chamber view."
echo_measurement_heart_center_extra_check,bas_pieksys_sl_aplax,NUMERIC,false,,"LV segmental peak systolic longitudinal strain (2D speckle tracking), segment code embedded in column name, apical long-axis view."
echo_measurement_heart_center_extra_check,glps_afi_lax,NUMERIC,false,,"Global longitudinal peak strain: automated function imaging (strain), long-axis view."
echo_measurement_heart_center_extra_check,bis_pieksys_sl_a4c,NUMERIC,false,,"LV segmental peak systolic longitudinal strain (2D speckle tracking), segment code embedded in column name, apical 4-chamber view."
echo_measurement_heart_center_extra_check,iv_sd_duplicate,NUMERIC,false,,Interventricular septum thickness (diastole): (duplicate/secondary entry).
echo_measurement_heart_center_extra_check,lv_hr_bpm_2,NUMERIC,false,,LV heart rate (bpm): 2.
echo_measurement_heart_center_extra_check,vsd_size_1,NUMERIC,false,,Ventricular septal defect size: 1.
echo_measurement_heart_center_extra_check,lvad_epi_paras_pm,NUMERIC,false,,"LV diastolic area: epicardial, parasternal papillary muscle level."
echo_measurement_heart_center_extra_check,lvds_major_a2c,NUMERIC,false,,LV major-axis dimension (systole): apical 2-chamber view.
echo_measurement_heart_center_extra_check,as_pieksys_sl_a4c,NUMERIC,false,,"LV segmental peak systolic longitudinal strain (2D speckle tracking), segment code embedded in column name, apical 4-chamber view."
echo_measurement_heart_center_extra_check,glps_avg_afi,TEXT,false,,"Global longitudinal peak strain: avg, automated function imaging (strain)."
echo_measurement_heart_center_extra_check,lvpw_perc_duplicate,NUMERIC,false,,"LV posterior wall: perc, (duplicate/secondary entry)."
echo_measurement_heart_center_extra_check,lv_fs,NUMERIC,false,,LV fractional shortening.
echo_measurement_heart_center_extra_check,ball_pieksys_sl_a4c,NUMERIC,false,,"LV segmental peak systolic longitudinal strain (2D speckle tracking), segment code embedded in column name, apical 4-chamber view."
echo_measurement_heart_center_extra_check,ivs_perc_2d,NUMERIC,false,,Interventricular septal thickening percentage (2D).
echo_measurement_heart_center_extra_check,ai_pieksys_sl_a2c,NUMERIC,false,,"LV segmental peak systolic longitudinal strain (2D speckle tracking), segment code embedded in column name, apical 2-chamber view."
echo_measurement_heart_center_extra_check,lv_fs_duplicate,NUMERIC,false,,LV fractional shortening: (duplicate/secondary entry).
echo_measurement_heart_center_extra_check,lvpws_duplicate,NUMERIC,false,,LV posterior wall thickness (systole): (duplicate/secondary entry).
echo_measurement_heart_center_extra_check,lvls_apical,NUMERIC,false,,LV longitudinal strain: apical.
echo_measurement_heart_center_extra_check,lvot_co,NUMERIC,false,,LV outflow tract: cardiac output.
echo_measurement_heart_center_extra_check,lvot_diam,NUMERIC,false,,LV outflow tract: diameter.
echo_measurement_heart_center_extra_check,dimensionless_index,NUMERIC,false,,Dimensionless index.
echo_measurement_heart_center_extra_check,lvot_vmean,NUMERIC,false,,LV outflow tract: mean velocity.
echo_measurement_heart_center_extra_check,lvot_sv,NUMERIC,false,,LV outflow tract: stroke volume.
echo_measurement_heart_center_extra_check,lvot_vmax,NUMERIC,false,,LV outflow tract: peak (maximum) velocity.
echo_measurement_heart_center_extra_check,lvot_mean_pg,NUMERIC,false,,LV outflow tract: mean pressure gradient.
echo_measurement_heart_center_extra_check,lvot_ci,NUMERIC,false,,LV outflow tract: cardiac index.
echo_measurement_heart_center_extra_check,lvot_vti,NUMERIC,false,,LV outflow tract: velocity time integral.
echo_measurement_heart_center_extra_check,lvot_svi,NUMERIC,false,,LV outflow tract: indexed stroke volume.
echo_measurement_heart_center_extra_check,lvot_surface,NUMERIC,false,,LV outflow tract: valve surface area.
echo_measurement_heart_center_extra_check,lvot_max_pg,NUMERIC,false,,LV outflow tract: maximum pressure gradient.
echo_measurement_heart_center_extra_check,lvef_auto_ef_a2c,NUMERIC,false,,"LV ejection fraction: automated EF calculation, apical 2-chamber view."
echo_measurement_heart_center_extra_check,lvesv_4d_auto_lvq,NUMERIC,false,,LV end-systolic volume: 4D auto LV quantification.
echo_measurement_heart_center_extra_check,lvesv_auto_ef_a4c,NUMERIC,false,,"LV end-systolic volume: automated EF calculation, apical 4-chamber view."
echo_measurement_heart_center_extra_check,lvef_mod_bip,NUMERIC,false,,LV ejection fraction: modified Simpson biplane method.
echo_measurement_heart_center_extra_check,lvedv_4d_auto_lvq,NUMERIC,false,,LV end-diastolic volume: 4D auto LV quantification.
echo_measurement_heart_center_extra_check,lvesv_mod,NUMERIC,false,,LV end-systolic volume: modified Simpson method.
echo_measurement_heart_center_extra_check,lvedv_teich,NUMERIC,false,,LV end-diastolic volume: Teichholz method.
echo_measurement_heart_center_extra_check,lvesv_cube,NUMERIC,false,,LV end-systolic volume: cube formula.
echo_measurement_heart_center_extra_check,lvedv_auto_ef_a2c,NUMERIC,false,,"LV end-diastolic volume: automated EF calculation, apical 2-chamber view."
echo_measurement_heart_center_extra_check,lvef_mod,NUMERIC,false,,LV ejection fraction: modified Simpson method.
echo_measurement_heart_center_extra_check,lvedv_auto_ef_a4c,NUMERIC,false,,"LV end-diastolic volume: automated EF calculation, apical 4-chamber view."
echo_measurement_heart_center_extra_check,lvedvi_mod_a2c,NUMERIC,false,,"Indexed LV end-diastolic volume: modified Simpson method, apical 2-chamber view."
echo_measurement_heart_center_extra_check,lvef_a_l,NUMERIC,false,,LV ejection fraction: area-length method.
echo_measurement_heart_center_extra_check,lvesv_mod_a2c,NUMERIC,false,,"LV end-systolic volume: modified Simpson method, apical 2-chamber view."
echo_measurement_heart_center_extra_check,lvef_mod_a2c,NUMERIC,false,,"LV ejection fraction: modified Simpson method, apical 2-chamber view."
echo_measurement_heart_center_extra_check,lvesv_a_l,NUMERIC,false,,LV end-systolic volume: area-length method.
echo_measurement_heart_center_extra_check,lvedv_teich_duplicate,NUMERIC,false,,"LV end-diastolic volume: Teichholz method, (duplicate/secondary entry)."
echo_measurement_heart_center_extra_check,lvesv_geom,NUMERIC,false,,LV end-systolic volume: geometric method.
echo_measurement_heart_center_extra_check,lvesv_mod_bip,NUMERIC,false,,LV end-systolic volume: modified Simpson biplane method.
echo_measurement_heart_center_extra_check,lvedvi_mod_bip,NUMERIC,false,,Indexed LV end-diastolic volume: modified Simpson biplane method.
echo_measurement_heart_center_extra_check,lvesv_teich,NUMERIC,false,,LV end-systolic volume: Teichholz method.
echo_measurement_heart_center_extra_check,lvedvi_teich,NUMERIC,false,,Indexed LV end-diastolic volume: Teichholz method.
echo_measurement_heart_center_extra_check,lvef_4d_auto_lvq,NUMERIC,false,,LV ejection fraction: 4D auto LV quantification.
echo_measurement_heart_center_extra_check,lvedv_a_l,NUMERIC,false,,LV end-diastolic volume: area-length method.
echo_measurement_heart_center_extra_check,lvesvi_mod_a2c,NUMERIC,false,,"Indexed LV end-systolic volume: modified Simpson method, apical 2-chamber view."
echo_measurement_heart_center_extra_check,lvesv_teich_duplicate,NUMERIC,false,,"LV end-systolic volume: Teichholz method, (duplicate/secondary entry)."
echo_measurement_heart_center_extra_check,lvedv_cube,NUMERIC,false,,LV end-diastolic volume: cube formula.
echo_measurement_heart_center_extra_check,lvedvi_teich_duplicate,NUMERIC,false,,"Indexed LV end-diastolic volume: Teichholz method, (duplicate/secondary entry)."
echo_measurement_heart_center_extra_check,lvef_auto_ef_bip,NUMERIC,false,,"LV ejection fraction: automated EF calculation, bip."
echo_measurement_heart_center_extra_check,lvedv_mod_bip,NUMERIC,false,,LV end-diastolic volume: modified Simpson biplane method.
echo_measurement_heart_center_extra_check,lvesvi_mod_bip,NUMERIC,false,,Indexed LV end-systolic volume: modified Simpson biplane method.
echo_measurement_heart_center_extra_check,lvesvi_mod_a4c,NUMERIC,false,,"Indexed LV end-systolic volume: modified Simpson method, apical 4-chamber view."
echo_measurement_heart_center_extra_check,lvef_cube,NUMERIC,false,,LV ejection fraction: cube formula.
echo_measurement_heart_center_extra_check,lvesv_cube_duplicate,NUMERIC,false,,"LV end-systolic volume: cube formula, (duplicate/secondary entry)."
echo_measurement_heart_center_extra_check,lvef_cube_duplicate,NUMERIC,false,,"LV ejection fraction: cube formula, (duplicate/secondary entry)."
echo_measurement_heart_center_extra_check,lvedv_mod,NUMERIC,false,,LV end-diastolic volume: modified Simpson method.
echo_measurement_heart_center_extra_check,lvef_geom,NUMERIC,false,,LV ejection fraction: geometric method.
echo_measurement_heart_center_extra_check,lvef_teich,NUMERIC,false,,LV ejection fraction: Teichholz method.
echo_measurement_heart_center_extra_check,lvedvi_mod_a4c,NUMERIC,false,,"Indexed LV end-diastolic volume: modified Simpson method, apical 4-chamber view."
echo_measurement_heart_center_extra_check,lvef_teich_duplicate,NUMERIC,false,,"LV ejection fraction: Teichholz method, (duplicate/secondary entry)."
echo_measurement_heart_center_extra_check,lvedv_mod_a4c,NUMERIC,false,,"LV end-diastolic volume: modified Simpson method, apical 4-chamber view."
echo_measurement_heart_center_extra_check,lvesv_mod_a4c,NUMERIC,false,,"LV end-systolic volume: modified Simpson method, apical 4-chamber view."
echo_measurement_heart_center_extra_check,lvesvi_teich,NUMERIC,false,,Indexed LV end-systolic volume: Teichholz method.
echo_measurement_heart_center_extra_check,lvedv_cube_duplicate,NUMERIC,false,,"LV end-diastolic volume: cube formula, (duplicate/secondary entry)."
echo_measurement_heart_center_extra_check,lvef_auto_ef_a4c,NUMERIC,false,,"LV ejection fraction: automated EF calculation, apical 4-chamber view."
echo_measurement_heart_center_extra_check,lvedv_geom,NUMERIC,false,,LV end-diastolic volume: geometric method.
echo_measurement_heart_center_extra_check,lvef_mod_a4c,NUMERIC,false,,"LV ejection fraction: modified Simpson method, apical 4-chamber view."
echo_measurement_heart_center_extra_check,lvedv_mod_a2c,NUMERIC,false,,"LV end-diastolic volume: modified Simpson method, apical 2-chamber view."
echo_measurement_heart_center_extra_check,lvesvi_teich_duplicate,NUMERIC,false,,"Indexed LV end-systolic volume: Teichholz method, (duplicate/secondary entry)."
echo_measurement_heart_center_extra_check,lvesv_auto_ef_a2c,NUMERIC,false,,"LV end-systolic volume: automated EF calculation, apical 2-chamber view."
echo_measurement_heart_center_extra_check,lvd_mass_4d_auto_lvq,NUMERIC,false,,LV mass (diastole): 4D auto LV quantification.
echo_measurement_heart_center_extra_check,lvs_mass_index_2d,NUMERIC,false,,"LV mass (systole): indexed to body surface area, 2d."
echo_measurement_heart_center_extra_check,lvd_mass_ase,NUMERIC,false,,LV mass (diastole): ase formula (american society of Echocardiography)
echo_measurement_heart_center_extra_check,lvd_mass,NUMERIC,false,,LV mass (diastole).
echo_measurement_heart_center_extra_check,lvs_mass_ase,NUMERIC,false,,LV mass (systole): ase.
echo_measurement_heart_center_extra_check,lvd_mass_index_ase,NUMERIC,false,,"LV mass (diastole): indexed to body surface area, ase."
echo_measurement_heart_center_extra_check,lvs_mass_ase_duplicate,NUMERIC,false,,"LV mass (systole): ase, (duplicate/secondary entry)."
echo_measurement_heart_center_extra_check,lvd_mass_duplicate,NUMERIC,false,,LV mass (diastole): (duplicate/secondary entry).
echo_measurement_heart_center_extra_check,lvs_mass,NUMERIC,false,,LV mass (systole).
echo_measurement_heart_center_extra_check,lvd_mass_index,NUMERIC,false,,LV mass (diastole): indexed to body surface area.
echo_measurement_heart_center_extra_check,lvs_mass_a_l,NUMERIC,false,,LV mass (systole): area-length method.
echo_measurement_heart_center_extra_check,lvs_mass_index_mm,NUMERIC,false,,"LV mass (systole): indexed to body surface area, mm."
echo_measurement_heart_center_extra_check,lvs_mass_duplicate,NUMERIC,false,,LV mass (systole): (duplicate/secondary entry).
echo_measurement_heart_center_extra_check,lvco_a_l,NUMERIC,false,,LV cardiac output: area-length method.
echo_measurement_heart_center_extra_check,lvsvi_teich,NUMERIC,false,,Indexed LV stroke volume: Teichholz method.
echo_measurement_heart_center_extra_check,lvsvi_mod_bip,NUMERIC,false,,Indexed LV stroke volume: modified Simpson biplane method.
echo_measurement_heart_center_extra_check,lvco_teich,NUMERIC,false,,LV cardiac output: Teichholz method.
echo_measurement_heart_center_extra_check,lvsv_mod_bip,NUMERIC,false,,LV stroke volume: modified Simpson biplane method.
echo_measurement_heart_center_extra_check,lvsv_teich,NUMERIC,false,,LV stroke volume: Teichholz method.
echo_measurement_heart_center_extra_check,lvsv_cube_duplicate,NUMERIC,false,,"LV stroke volume: cube formula, (duplicate/secondary entry)."
echo_measurement_heart_center_extra_check,lvsv_geom,NUMERIC,false,,LV stroke volume: geometric method.
echo_measurement_heart_center_extra_check,lvsv_teich_duplicate,NUMERIC,false,,"LV stroke volume: Teichholz method, (duplicate/secondary entry)."
echo_measurement_heart_center_extra_check,lvsvi_mod_a2c,NUMERIC,false,,"Indexed LV stroke volume: modified Simpson method, apical 2-chamber view."
echo_measurement_heart_center_extra_check,lvco_4d_auto_lvq,NUMERIC,false,,LV cardiac output: 4D auto LV quantification.
echo_measurement_heart_center_extra_check,lvsv_auto_ef_a4c,NUMERIC,false,,"LV stroke volume: automated EF calculation, apical 4-chamber view."
echo_measurement_heart_center_extra_check,lvsvi_teich_duplicate,NUMERIC,false,,"Indexed LV stroke volume: Teichholz method, (duplicate/secondary entry)."
echo_measurement_heart_center_extra_check,lvsv_4d_auto_lvq,NUMERIC,false,,LV stroke volume: 4D auto LV quantification.
echo_measurement_heart_center_extra_check,lvco_geom,NUMERIC,false,,LV cardiac output: geometric method.
echo_measurement_heart_center_extra_check,lvsv_auto_ef_a2c,NUMERIC,false,,"LV stroke volume: automated EF calculation, apical 2-chamber view."
echo_measurement_heart_center_extra_check,lvsvi_mod_a4c,NUMERIC,false,,"Indexed LV stroke volume: modified Simpson method, apical 4-chamber view."
echo_measurement_heart_center_extra_check,lvsv_mod_a4c,NUMERIC,false,,"LV stroke volume: modified Simpson method, apical 4-chamber view."
echo_measurement_heart_center_extra_check,lvsv_mod_a2c,NUMERIC,false,,"LV stroke volume: modified Simpson method, apical 2-chamber view."
echo_measurement_heart_center_extra_check,lvsvi_cube_duplicate,NUMERIC,false,,"Indexed LV stroke volume: cube formula, (duplicate/secondary entry)."
echo_measurement_heart_center_extra_check,lvci_teich,NUMERIC,false,,LV cardiac index: Teichholz method.
echo_measurement_heart_center_extra_check,effusion_thickness,NUMERIC,false,,Pericardial effusion: thickness.
echo_measurement_heart_center_extra_check,q_to_pv_closes,NUMERIC,false,,Time from Q wave to pulmonary valve closure.
echo_measurement_heart_center_extra_check,pv_acc_t_over_et,NUMERIC,false,,Pv acc t over et.
echo_measurement_heart_center_extra_check,pv_acc_slope,NUMERIC,false,,Pulmonary valve: acceleration slope.
echo_measurement_heart_center_extra_check,pr_max_pg,NUMERIC,false,,Pulmonary regurgitation: maximum pressure gradient.
echo_measurement_heart_center_extra_check,pr_flow,NUMERIC,false,,Pulmonary regurgitation: regurgitant/flow volume.
echo_measurement_heart_center_extra_check,pr_vmax,NUMERIC,false,,Pulmonary regurgitation: peak (maximum) velocity.
echo_measurement_heart_center_extra_check,pv_max_pg,NUMERIC,false,,Pulmonary valve: maximum pressure gradient.
echo_measurement_heart_center_extra_check,pv_acc_time,NUMERIC,false,,Pulmonary valve: acceleration time.
echo_measurement_heart_center_extra_check,pr_vti,NUMERIC,false,,Pulmonary regurgitation: velocity time integral.
echo_measurement_heart_center_extra_check,pr_as_sheet,TEXT,false,,Pulmonary regurgitation: measurement sheet reference.
echo_measurement_heart_center_extra_check,pvet,NUMERIC,false,,Pulmonary valve ejection time.
echo_measurement_heart_center_extra_check,pv_mean_pg,NUMERIC,false,,Pulmonary valve: mean pressure gradient.
echo_measurement_heart_center_extra_check,pr_pht,NUMERIC,false,,Pulmonary regurgitation: pressure half-time.
echo_measurement_heart_center_extra_check,pv_ann_diam,NUMERIC,false,,Pulmonary valve: annulus diameter.
echo_measurement_heart_center_extra_check,pv_vmean,NUMERIC,false,,Pulmonary valve: mean velocity.
echo_measurement_heart_center_extra_check,pv_hr,NUMERIC,false,,Pulmonary valve: heart rate.
echo_measurement_heart_center_extra_check,pr_dec_time,NUMERIC,false,,Pulmonary regurgitation: deceleration time.
echo_measurement_heart_center_extra_check,q_to_pv_close_duplicate,NUMERIC,false,,Time from Q wave to pulmonary valve closure: (duplicate/secondary entry).
echo_measurement_heart_center_extra_check,pr_dec_slope,NUMERIC,false,,Pulmonary regurgitation: deceleration slope.
echo_measurement_heart_center_extra_check,pva_vti,NUMERIC,false,,Pulmonary valve area: velocity time integral.
echo_measurement_heart_center_extra_check,pr_vmax_duplicate,NUMERIC,false,,"Pulmonary regurgitation: peak (maximum) velocity, (duplicate/secondary entry)."
echo_measurement_heart_center_extra_check,pr_rad,NUMERIC,false,,Pulmonary regurgitation: radius.
echo_measurement_heart_center_extra_check,pv_vti,NUMERIC,false,,Pulmonary valve: velocity time integral.
echo_measurement_heart_center_extra_check,pv_vmax,NUMERIC,false,,Pulmonary valve: peak (maximum) velocity.
echo_measurement_heart_center_extra_check,pva_vmax,NUMERIC,false,,Pulmonary valve area: peak (maximum) velocity.
echo_measurement_heart_center_extra_check,ra_short,NUMERIC,false,,Right atrium: short.
echo_measurement_heart_center_extra_check,rap,NUMERIC,false,,Right atrial pressure.
echo_measurement_heart_center_extra_check,ra_lang,TEXT,false,,Right atrium: lang.
echo_measurement_heart_center_extra_check,raa_s,NUMERIC,false,,Right atrial area (systole).
echo_measurement_heart_center_extra_check,rvidd,NUMERIC,false,,RV internal diameter (diastole).
echo_measurement_heart_center_extra_check,rvad_a4c,NUMERIC,false,,RV diastolic area: apical 4-chamber view.
echo_measurement_heart_center_extra_check,ripple,TEXT,false,,Ripple sign assessment.
echo_measurement_heart_center_extra_check,rvas_a4c,NUMERIC,false,,RV systolic area: apical 4-chamber view.
echo_measurement_heart_center_extra_check,rvsp,NUMERIC,false,,RV systolic pressure.
echo_measurement_heart_center_extra_check,rvidd_duplicate,NUMERIC,false,,RV internal diameter (diastole): (duplicate/secondary entry).
echo_measurement_heart_center_extra_check,rvids,NUMERIC,false,,RV internal diameter (systole).
echo_measurement_heart_center_extra_check,rvawd,NUMERIC,false,,RV anterior wall thickness (diastole).
echo_measurement_heart_center_extra_check,rvids_duplicate,NUMERIC,false,,RV internal diameter (systole): (duplicate/secondary entry).
echo_measurement_heart_center_extra_check,rvawd_duplicate,NUMERIC,false,,RV anterior wall thickness (diastole): (duplicate/secondary entry).
echo_measurement_heart_center_extra_check,rv_hr,NUMERIC,false,,RV heart rate.
echo_measurement_heart_center_extra_check,rvaws_duplicate,NUMERIC,false,,RV anterior wall thickness (systole): (duplicate/secondary entry).
echo_measurement_heart_center_extra_check,rvot_diam,NUMERIC,false,,RV outflow tract: diameter.
echo_measurement_heart_center_extra_check,rvot_vmax,NUMERIC,false,,RV outflow tract: peak (maximum) velocity.
echo_measurement_heart_center_extra_check,rvot_diam_duplicate,NUMERIC,false,,"RV outflow tract: diameter, (duplicate/secondary entry)."
echo_measurement_heart_center_extra_check,rvot_diam_index,NUMERIC,false,,"RV outflow tract: diameter, indexed to body surface area."
echo_measurement_heart_center_extra_check,rvot_mean_pg,NUMERIC,false,,RV outflow tract: mean pressure gradient.
echo_measurement_heart_center_extra_check,rvot_vmean,NUMERIC,false,,RV outflow tract: mean velocity.
echo_measurement_heart_center_extra_check,rvot_max_pg,NUMERIC,false,,RV outflow tract: maximum pressure gradient.
echo_measurement_heart_center_extra_check,rvot_vti,NUMERIC,false,,RV outflow tract: velocity time integral.
echo_measurement_heart_center_extra_check,qp_over_qs,NUMERIC,false,,Pulmonary-to-systemic flow ratio (Qp/Qs).
echo_measurement_heart_center_extra_check,tv_e_over_a,NUMERIC,false,,Tricuspid valve: E/A ratio.
echo_measurement_heart_center_extra_check,tv_e_deriv,NUMERIC,false,,Tricuspid valve: e' (tissue Doppler early diastolic velocity).
echo_measurement_heart_center_extra_check,tr_ero,NUMERIC,false,,Tricuspid regurgitation: effective regurgitant orifice area.
echo_measurement_heart_center_extra_check,q_to_tv_itself_opens,NUMERIC,false,,Q to tv itself opens.
echo_measurement_heart_center_extra_check,tv_mean_pg,NUMERIC,false,,Tricuspid valve: mean pressure gradient.
echo_measurement_heart_center_extra_check,tv_ann_diam,NUMERIC,false,,Tricuspid valve: annulus diameter.
echo_measurement_heart_center_extra_check,tr_mean_pg,NUMERIC,false,,Tricuspid regurgitation: mean pressure gradient.
echo_measurement_heart_center_extra_check,tva_vti,NUMERIC,false,,Tricuspid valve area: velocity time integral.
echo_measurement_heart_center_extra_check,tv_hr,NUMERIC,false,,Tricuspid valve: heart rate.
echo_measurement_heart_center_extra_check,tr_vti,NUMERIC,false,,Tricuspid regurgitation: velocity time integral.
echo_measurement_heart_center_extra_check,tr_flow,NUMERIC,false,,Tricuspid regurgitation: regurgitant/flow volume.
echo_measurement_heart_center_extra_check,tv_e_about_e_deriv,NUMERIC,false,,"Tricuspid valve: e, about, e' (tissue Doppler early diastolic velocity)."
echo_measurement_heart_center_extra_check,tr_rv,NUMERIC,false,,Tricuspid regurgitation: right ventricle.
echo_measurement_heart_center_extra_check,tapered,TEXT,false,,Tapering assessment.
echo_measurement_heart_center_extra_check,tv_max_pg,NUMERIC,false,,Tricuspid valve: maximum pressure gradient.
echo_measurement_heart_center_extra_check,tv_dec_time,NUMERIC,false,,Tricuspid valve: deceleration time.
echo_measurement_heart_center_extra_check,tr_vmean,NUMERIC,false,,Tricuspid regurgitation: mean velocity.
echo_measurement_heart_center_extra_check,tv_vmax,NUMERIC,false,,Tricuspid valve: peak (maximum) velocity.
echo_measurement_heart_center_extra_check,tr_rad,NUMERIC,false,,Tricuspid regurgitation: radius.
echo_measurement_heart_center_extra_check,tva_vmax,NUMERIC,false,,Tricuspid valve area: peak (maximum) velocity.
echo_measurement_heart_center_extra_check,tv_vti,NUMERIC,false,,Tricuspid valve: velocity time integral.
echo_measurement_heart_center_extra_check,tr_aliasing_velocity,NUMERIC,false,,Tricuspid regurgitation: color Doppler aliasing velocity.
echo_measurement_heart_center_extra_check,tco,NUMERIC,false,,Total cardiac output.
echo_measurement_heart_center_extra_check,tv_s_deriv,NUMERIC,false,,Tricuspid valve: s' (tissue Doppler systolic velocity).
echo_measurement_heart_center_extra_check,tr_max_pg,NUMERIC,false,,Tricuspid regurgitation: maximum pressure gradient.
echo_measurement_heart_center_extra_check,tr_vmax,NUMERIC,false,,Tricuspid regurgitation: peak (maximum) velocity.
echo_measurement_heart_center_extra_check,tr_vmax_duplicate,NUMERIC,false,,"Tricuspid regurgitation: peak (maximum) velocity, (duplicate/secondary entry)."
echo_measurement_heart_center_extra_check,tv_e_velocity,NUMERIC,false,,Tricuspid valve: E wave velocity.
echo_measurement_heart_center_extra_check,tv_vmean,NUMERIC,false,,Tricuspid valve: mean velocity.
echo_measurement_heart_center_extra_check,q_to_tv_itself_opens_duplicate,NUMERIC,false,,Q to tv itself opens duplicate.
echo_measurement_heart_center_extra_check,tv_a_velocity,NUMERIC,false,,Tricuspid valve: A wave velocity.
echo_measurement_heart_center_extra_check,tv_dec_slope,NUMERIC,false,,Tricuspid valve: deceleration slope.
echo_measurement_heart_center_extra_check,ivc_2d,NUMERIC,false,,Inferior vena cava: 2d.
echo_measurement_heart_center_extra_check,source,TEXT,false,,Source system the record originated from.
echo_measurement_heart_center_extra_check,dcm_refreshed_date_time,TIMESTAMPTZ,false,,Timestamp of the last data warehouse refresh for this record.
echo_measurement_heart_center_extra_check,issue_dt,TIMESTAMPTZ,false,,Timestamp the record was issued/extracted from source.
echo_measurement_heart_center_extra_check,examination_type,TEXT,false,,Examination type.
echo_measurement_heart_center_extra_check,examination_status,TEXT,false,,Examination status.
echo_measurement_heart_center_extra_check,accession_number,TEXT,false,,Accession number.
echo_measurement_heart_center_extra_check,end_time_of_examination,TIME,false,,Date/time field: End time of examination.
echo_measurement_heart_center_extra_check,indication,TEXT,false,,Indication.
echo_measurement_heart_center_extra_check,other,TEXT,false,,Other.
echo_measurement_heart_center_extra_check,summary,TEXT,false,,Summary.
echo_measurement_heart_center_extra_check,dilation,TEXT,false,,Dilation assessment.
echo_measurement_heart_center_extra_check,insufficiency,TEXT,false,,Insufficiency/regurgitation grade.
echo_measurement_heart_center_extra_check,stenosis,TEXT,false,,Stenosis grade.
echo_measurement_heart_center_extra_check,structure,TEXT,false,,Structural description.
echo_measurement_heart_center_extra_check,arteria_pulmonalis,TEXT,false,,Pulmonary artery.
echo_measurement_heart_center_extra_check,mpa,TEXT,false,,Main pulmonary artery.
echo_measurement_heart_center_extra_check,la_size,TEXT,false,,Left atrium: size.
echo_measurement_heart_center_extra_check,spontaneous_echocontrast,TEXT,false,,Spontaneous echo contrast.
echo_measurement_heart_center_extra_check,thrombus,TEXT,false,,Thrombus presence.
echo_measurement_heart_center_extra_check,flow,TEXT,false,,Regurgitant/flow volume.
echo_measurement_heart_center_extra_check,stenosis_set3,TEXT,false,,Stenosis grade: set3.
echo_measurement_heart_center_extra_check,structure_set3,TEXT,false,,Structural description: set3.
echo_measurement_heart_center_extra_check,insufficiency_set3,TEXT,false,,Insufficiency/regurgitation grade: set3.
echo_measurement_heart_center_extra_check,ecg,TEXT,false,,ECG.
echo_measurement_heart_center_extra_check,lv_size,TEXT,false,,Left ventricle: size.
echo_measurement_heart_center_extra_check,fs_perc,NUMERIC,false,,Fractional shortening: perc.
echo_measurement_heart_center_extra_check,lv_size_details,TEXT,false,,LV size detail.
echo_measurement_heart_center_extra_check,vsd,TEXT,false,,Ventricular septal defect.
echo_measurement_heart_center_extra_check,mid_anterolateral,TEXT,false,,Mid anterolateral.
echo_measurement_heart_center_extra_check,hypertrophy,TEXT,false,,Hypertrophy assessment.
echo_measurement_heart_center_extra_check,fract_oppervl_ver,TEXT,false,,Fractional area shortening (verkorting).
echo_measurement_heart_center_extra_check,basal_anterolateral,TEXT,false,,Basal anterolateral.
echo_measurement_heart_center_extra_check,mid_anterior,TEXT,false,,Mid anterior.
echo_measurement_heart_center_extra_check,fract_oppervl_details,TEXT,false,,Fractional area shortening detail.
echo_measurement_heart_center_extra_check,basal_anterior,TEXT,false,,Basal anterior.
echo_measurement_heart_center_extra_check,diastolic_filling,TEXT,false,,Diastolic filling pattern.
echo_measurement_heart_center_extra_check,basal_inferior,TEXT,false,,Basal inferior.
echo_measurement_heart_center_extra_check,apical_anterior,TEXT,false,,Apical anterior.
echo_measurement_heart_center_extra_check,obstruction_lvot,TEXT,false,,Obstruction assessment: LV outflow tract.
echo_measurement_heart_center_extra_check,hypertrophic_cardiomyopathy,TEXT,false,,Hypertrophic cardiomyopathy assessment.
echo_measurement_heart_center_extra_check,wall_motion,TEXT,false,,Regional wall motion assessment.
echo_measurement_heart_center_extra_check,ejection_fraction,TEXT,false,,LV ejection fraction.
echo_measurement_heart_center_extra_check,effusion,NUMERIC,false,,Pericardial effusion.
echo_measurement_heart_center_extra_check,pericard,TEXT,false,,Pericardium.
echo_measurement_heart_center_extra_check,insufficiency_set6,TEXT,false,,Insufficiency/regurgitation grade: set6.
echo_measurement_heart_center_extra_check,stenosis_set6,TEXT,false,,Stenosis grade: set6.
echo_measurement_heart_center_extra_check,structure_set6,TEXT,false,,Structural description: set6.
echo_measurement_heart_center_extra_check,ra_size,TEXT,false,,Right atrium: size.
echo_measurement_heart_center_extra_check,systolic_function,TEXT,false,,Systolic function assessment.
echo_measurement_heart_center_extra_check,rv_size,TEXT,false,,Right ventricle: size.
echo_measurement_heart_center_extra_check,insufficiency_duplicate,TEXT,false,,Insufficiency/regurgitation grade: (duplicate/secondary entry).
echo_measurement_heart_center_extra_check,stenosis_duplicate,TEXT,false,,Stenosis grade: (duplicate/secondary entry).
echo_measurement_heart_center_extra_check,structure_duplicate,TEXT,false,,Structural description: (duplicate/secondary entry).
echo_measurement_heart_center_extra_check,resp_change,TEXT,false,,Respiratory variation.
echo_measurement_heart_center_extra_check,ivc,TEXT,false,,Inferior vena cava.
echo_measurement_heart_center_extra_check,vcs,TEXT,false,,Superior vena cava.
echo_measurement_heart_center_extra_check,flow_patterns_duplicate,TEXT,false,,Flow pattern assessment: (duplicate/secondary entry).
echo_measurement_heart_center_extra_check,lvef_out_summary,TEXT,false,,LV ejection fraction summary/outcome.
echo_measurement_heart_center_extra_check,examination_date_quality_issue,BOOLEAN,false,,Quality flag: 1 if examination_date falls in the implausible year 1991.
echo_measurement_heart_center_extra_check,probable_contact_id,TEXT,false,,Contact ID inferred via date-range linkage repair (05_linkage_repair) when the source data had no direct contact match.
echo_measurement_heart_center_extra_check,probable_partial_traject_id,TEXT,false,,Partial-traject ID inferred via date-range linkage repair (05_linkage_repair) when the source data had no direct contact match.
emergency_care_traject,pseudo_id,TEXT,false,amc_core.patient_not_traceable(pseudo_id),Pseudonymized patient identifier.
emergency_care_traject,emergency_care_traject_id,TEXT,true,,Identifier for the associated emergency care traject.
emergency_care_traject,patient_contact_id,TEXT,false,amc_core.patient_appointment(patient_contact_id),Identifier of the clinical contact/encounter this record belongs to.
emergency_care_traject,hospital_location,TEXT,false,,Hospital/site location for this record.
emergency_care_traject,emergency_care_event_created_moment,TIMESTAMPTZ,false,,Date/time field: Emergency care event created moment.
emergency_care_traject,emergency_care_event_created_date,DATE,false,,Date/time field: Emergency care event created date.
emergency_care_traject,emergency_care_event_created_time,TIME,false,,Date/time field: Emergency care event created time.
emergency_care_traject,emergency_care_event_patient_arrived_moment,TIMESTAMPTZ,false,,Date/time field: Emergency care event patient arrived moment.
emergency_care_traject,emergency_care_event_patient_arrived_date,DATE,false,,Date/time field: Emergency care event patient arrived date.
emergency_care_traject,emergency_care_event_patient_arrived_time,TIME,false,,Date/time field: Emergency care event patient arrived time.
emergency_care_traject,emergency_care_admission_start_moment,TIMESTAMPTZ,false,,Date/time field: Emergency care admission start moment.
emergency_care_traject,emergency_care_admission_start_date,DATE,false,,Date/time field: Emergency care admission start date.
emergency_care_traject,emergency_care_admission_start_time,TIME,false,,Date/time field: Emergency care admission start time.
emergency_care_traject,emergency_care_admission_end_moment,TIMESTAMPTZ,false,,Date/time field: Emergency care admission end moment.
emergency_care_traject,emergency_care_admission_end_date,DATE,false,,Date/time field: Emergency care admission end date.
emergency_care_traject,emergency_care_admission_end_time,TIME,false,,Date/time field: Emergency care admission end time.
emergency_care_traject,emergency_care_event_arrival_workplace,TEXT,false,,Emergency care event arrival workplace.
emergency_care_traject,emergency_care_arrival_mode,TEXT,false,,Emergency care arrival mode.
emergency_care_traject,emergency_care_admission_subspecialty,TEXT,false,,Emergency care admission subspecialty.
emergency_care_traject,emergency_care_triage,TEXT,false,,Emergency care triage.
emergency_care_traject,chief_emergency_care_complaint,TEXT,false,,Chief emergency care complaint.
emergency_care_traject,chief_emergency_care_input_complaint,TEXT,false,,Chief emergency care input complaint.
emergency_care_traject,emergency_care_admission_arrival_subspecialty,TEXT,false,,Emergency care admission arrival subspecialty.
emergency_care_traject,emergency_care_admission_departure_subspecialty,TEXT,false,,Emergency care admission departure subspecialty.
emergency_care_traject,emergency_care_admission_arrival_workplace,TEXT,false,,Emergency care admission arrival workplace.
emergency_care_traject,emergency_care_admission_next_workplace,TEXT,false,,Emergency care admission next workplace.
emergency_care_traject,emergency_care_admission_departure_to_workplace,TEXT,false,,Emergency care admission departure to workplace.
emergency_care_traject,destination_after_emergency_care,TEXT,false,,Destination after emergency care.
emergency_care_traject,emergency_care_duration_class,TEXT,false,,Emergency care duration class.
emergency_care_traject,emergency_care_presentation_type,TEXT,false,,Emergency care presentation type.
emergency_care_traject,is_clinical_follow_up,TEXT,false,,Flag: Clinical follow up.
emergency_care_traject,is_high_care,TEXT,false,,Flag: High care.
emergency_care_traject,is_ehh_traject,TEXT,false,,Flag: Ehh traject.
emergency_care_traject,is_patient_discharged,TEXT,false,,Flag: Patient discharged.
emergency_care_traject,is_emergency_care_event_created,TEXT,false,,Flag: Emergency care event created.
emergency_care_traject,is_emergency_care_event_arrived,TEXT,false,,Flag: Emergency care event arrived.
emergency_care_traject,is_emergency_care_event_end,TEXT,false,,Flag: Emergency care event end.
emergency_care_traject,emergency_care_admission_duration_minutes,NUMERIC,false,,Emergency care admission duration minutes.
emergency_care_traject,emergency_care_admission_duration_hours,NUMERIC,false,,Emergency care admission duration hours.
emergency_care_traject,emergency_care_stay_duration_minutes,NUMERIC,false,,Emergency care stay duration minutes.
emergency_care_traject,emergency_care_waiting_time_minutes,NUMERIC,false,,Emergency care waiting time minutes.
emergency_care_traject,number_emergency_care_trajects,INTEGER,false,,Number emergency care trajects.
emergency_care_traject,number_emergency_care_admission_partial_trajects,INTEGER,false,,Number emergency care admission partial trajects.
emergency_care_traject,number_emergency_care_stays_shorter_than_4_hours,INTEGER,false,,Number emergency care stays shorter than 4 hours.
emergency_care_traject,number_emergency_care_stays_longer_than_4_hours,INTEGER,false,,Number emergency care stays longer than 4 hours.
emergency_care_traject,issue_dt,TIMESTAMPTZ,false,,Date/time field: Issue dt.
family_history,family_history_id,BIGSERIAL,true,,Identifier for the associated family history.
family_history,pseudo_id,TEXT,false,amc_core.patient_not_traceable(pseudo_id),Pseudonymized patient identifier.
family_history,patient_contact_id,TEXT,false,amc_core.patient_appointment(patient_contact_id),Identifier of the clinical contact/encounter this record belongs to.
family_history,hospital_location,TEXT,false,,Hospital/site location for this record.
family_history,registration_date,DATE,false,,Date/time field: Registration date.
family_history,family_history,TEXT,false,,Family history.
family_history,source,TEXT,false,,Source system the record originated from.
family_history,dcm_refreshed_date_time,TIMESTAMPTZ,false,,Timestamp of the last data warehouse refresh for this record.
family_history,issue_dt,TIMESTAMPTZ,false,,Timestamp the record was issued/extracted from source.
ic_procedure_note_bronchoscopy,patient_contact_id,TEXT,true,amc_core.patient_appointment(patient_contact_id),Identifier of the clinical contact/encounter this record belongs to.
ic_procedure_note_bronchoscopy,order_id,TEXT,true,,Identifier for the associated order.
ic_procedure_note_bronchoscopy,pseudo_id,TEXT,false,amc_core.patient_not_traceable(pseudo_id),Pseudonymized patient identifier.
ic_procedure_note_bronchoscopy,hospital_location,TEXT,false,,Hospital/site location for this record.
ic_procedure_note_bronchoscopy,intervention_date_time,TIMESTAMPTZ,false,,Date/time field: Intervention date time.
ic_procedure_note_bronchoscopy,intervention_name,TEXT,false,,Intervention name.
ic_procedure_note_bronchoscopy,start_procedure,TEXT,false,,Start procedure.
ic_procedure_note_bronchoscopy,informed_consent,TEXT,false,,Informed consent.
ic_procedure_note_bronchoscopy,correct_patient,TEXT,false,,Correct patient.
ic_procedure_note_bronchoscopy,correct_procedure,TEXT,false,,Correct procedure.
ic_procedure_note_bronchoscopy,correct_side,TEXT,false,,Correct side.
ic_procedure_note_bronchoscopy,relevant_comorbidity_medication_coagulation_status_allergies,TEXT,false,,Relevant comorbidity medication coagulation status allergies.
ic_procedure_note_bronchoscopy,complications_discussed,TEXT,false,,Complications discussed.
ic_procedure_note_bronchoscopy,thrombocytes_higher_than50in_biopsy,TEXT,false,,Thrombocytes higher than50in biopsy.
ic_procedure_note_bronchoscopy,waters_set_of_ambu_balloon_connected_and_verified,TEXT,false,,Waters set of ambu balloon connected and verified.
ic_procedure_note_bronchoscopy,respirator_at_volume_controlled_with100proc_oxygen,TEXT,false,,Respirator at volume controlled with100proc oxygen.
ic_procedure_note_bronchoscopy,pulse_oximetry_with_qr_tone,TEXT,false,,Pulse oximetry with qr tone.
ic_procedure_note_bronchoscopy,two_guedels,TEXT,false,,Two guedels.
ic_procedure_note_bronchoscopy,broncohoscope_and_tower,TEXT,false,,Broncohoscope and tower.
ic_procedure_note_bronchoscopy,growdown_system_and_pot_order,TEXT,false,,Growdown system and pot order.
ic_procedure_note_bronchoscopy,minimum_two_reverse_venous_access,TEXT,false,,Minimum two reverse venous access.
ic_procedure_note_bronchoscopy,sedation_and_analgesia,TEXT,false,,Sedation and analgesia.
ic_procedure_note_bronchoscopy,vasoactiva,TEXT,false,,Vasoactiva.
ic_procedure_note_bronchoscopy,stop_supplementation_stop_insulin,TEXT,false,,Stop supplementation stop insulin.
ic_procedure_note_bronchoscopy,stop_heparin,TEXT,false,,Stop heparin.
ic_procedure_note_bronchoscopy,suction_stomach_throat_mouth,TEXT,false,,Suction stomach throat mouth.
ic_procedure_note_bronchoscopy,time_out_executed,TEXT,false,,Time out executed.
ic_procedure_note_bronchoscopy,indication,TEXT,false,,Indication.
ic_procedure_note_bronchoscopy,local_anaesthesia_used,TEXT,false,,Local anaesthesia used.
ic_procedure_note_bronchoscopy,sedation,TEXT,false,,Sedation.
ic_procedure_note_bronchoscopy,start_sedation,TEXT,false,,Start sedation.
ic_procedure_note_bronchoscopy,end_sedation,TEXT,false,,End sedation.
ic_procedure_note_bronchoscopy,monitoring_vital_data_during_sedation,TEXT,false,,Monitoring vital data during sedation.
ic_procedure_note_bronchoscopy,level_sedation,TEXT,false,,Level sedation.
ic_procedure_note_bronchoscopy,level_sedation_all_anesthesia,TEXT,false,,Level sedation all anesthesia.
ic_procedure_note_bronchoscopy,level_sedation_anxiolysis,TEXT,false,,Level sedation anxiolysis.
ic_procedure_note_bronchoscopy,level_sedation_deep_sedation,TEXT,false,,Level sedation deep sedation.
ic_procedure_note_bronchoscopy,level_sedation_regular_sedation,TEXT,false,,Level sedation regular sedation.
ic_procedure_note_bronchoscopy,patient_sedated,TEXT,false,,Patient sedated.
ic_procedure_note_bronchoscopy,local_anaesthesia,TEXT,false,,Local anaesthesia.
ic_procedure_note_bronchoscopy,analgesics,TEXT,false,,Analgesics.
ic_procedure_note_bronchoscopy,anesthetic_total_ml,TEXT,false,,Anesthetic total mL.
ic_procedure_note_bronchoscopy,bronchoscope,TEXT,false,,Bronchoscope.
ic_procedure_note_bronchoscopy,bronchoscope_number,TEXT,false,,Bronchoscope number.
ic_procedure_note_bronchoscopy,video_image_documentation,TEXT,false,,Video image documentation.
ic_procedure_note_bronchoscopy,introduction,TEXT,false,,Introduction.
ic_procedure_note_bronchoscopy,vocal_cords,TEXT,false,,Vocal cords.
ic_procedure_note_bronchoscopy,trachea,TEXT,false,,Trachea.
ic_procedure_note_bronchoscopy,bronchial_tree,TEXT,false,,Bronchial tree.
ic_procedure_note_bronchoscopy,location_deviation,TEXT,false,,Location deviation.
ic_procedure_note_bronchoscopy,intervention,TEXT,false,,Intervention.
ic_procedure_note_bronchoscopy,material_submitted_for,TEXT,false,,Material submitted for.
ic_procedure_note_bronchoscopy,complications,TEXT,false,,Complications.
ic_procedure_note_bronchoscopy,end_procedure,TEXT,false,,End procedure.
ic_procedure_note_bronchoscopy,tolerance_patient_for_intervention,TEXT,false,,Tolerance patient for intervention.
ic_procedure_note_bronchoscopy,intervention_remarks,TEXT,false,,Intervention remarks.
ic_procedure_note_bronchoscopy,source,TEXT,false,,Source system the record originated from.
ic_procedure_note_bronchoscopy,dcm_refreshed_date_time,TIMESTAMPTZ,false,,Timestamp of the last data warehouse refresh for this record.
ic_procedure_note_bronchoscopy,issue_dt,TIMESTAMPTZ,false,,Timestamp the record was issued/extracted from source.
ic_procedure_note_central_venous_catheter,order_id,TEXT,true,,Identifier for the associated order.
ic_procedure_note_central_venous_catheter,pseudo_id,TEXT,false,amc_core.patient_not_traceable(pseudo_id),Pseudonymized patient identifier.
ic_procedure_note_central_venous_catheter,patient_contact_id,TEXT,false,amc_core.patient_appointment(patient_contact_id),Identifier of the clinical contact/encounter this record belongs to.
ic_procedure_note_central_venous_catheter,hospital_location,TEXT,false,,Hospital/site location for this record.
ic_procedure_note_central_venous_catheter,intervention_date_time,TIMESTAMPTZ,false,,Date/time field: Intervention date time.
ic_procedure_note_central_venous_catheter,intervention_name,TEXT,false,,Intervention name.
ic_procedure_note_central_venous_catheter,start_procedure,TIMESTAMPTZ,false,,Date/time field: Start procedure.
ic_procedure_note_central_venous_catheter,informed_consent,TEXT,false,,Informed consent.
ic_procedure_note_central_venous_catheter,correct_patient,TEXT,false,,Correct patient.
ic_procedure_note_central_venous_catheter,correct_procedure,TEXT,false,,Correct procedure.
ic_procedure_note_central_venous_catheter,correct_side,TEXT,false,,Correct side.
ic_procedure_note_central_venous_catheter,relevant_comorbidity_medication_coagulation_status_allergies,TEXT,false,,Relevant comorbidity medication coagulation status allergies.
ic_procedure_note_central_venous_catheter,complications_discussed,TEXT,false,,Complications discussed.
ic_procedure_note_central_venous_catheter,maximum5persons_present_with_hat_and_mask,TEXT,false,,Maximum5persons present with hat and mask.
ic_procedure_note_central_venous_catheter,severe_coagulation_disorders,TEXT,false,,Severe coagulation disorders.
ic_procedure_note_central_venous_catheter,v_jugularis_catheter_increased_icp,TEXT,false,,V jugularis catheter increased intracranial pressure.
ic_procedure_note_central_venous_catheter,v_subclavia_catheter_increased_icp,TEXT,false,,V subclavia catheter increased intracranial pressure.
ic_procedure_note_central_venous_catheter,v_femoralis_catheter_higher_infection_risk,TEXT,false,,V femoralis catheter higher infection risk.
ic_procedure_note_central_venous_catheter,cvvh_catheter_at_vena_subclavia,TEXT,false,,CVVH (continuous veno-venous hemofiltration) catheter at vena subclavia.
ic_procedure_note_central_venous_catheter,ultrasound_device,TEXT,false,,Ultrasound device.
ic_procedure_note_central_venous_catheter,work_table,TEXT,false,,Work table.
ic_procedure_note_central_venous_catheter,central_line_and_insertion_set_according_to_protocol,TEXT,false,,Central line and insertion set according to protocol.
ic_procedure_note_central_venous_catheter,sedation_and_analgesia,TEXT,false,,Sedation and analgesia.
ic_procedure_note_central_venous_catheter,minimum_two_venous_accessions,TEXT,false,,Minimum two venous accessions.
ic_procedure_note_central_venous_catheter,heparin_discontinued_1hour_beforehand,TEXT,false,,Heparin discontinued 1hour beforehand.
ic_procedure_note_central_venous_catheter,time_out_executed,TEXT,false,,Time out executed.
ic_procedure_note_central_venous_catheter,indication,TEXT,false,,Indication.
ic_procedure_note_central_venous_catheter,local_anaesthesia,TEXT,false,,Local anaesthesia.
ic_procedure_note_central_venous_catheter,patient_sedated,TEXT,false,,Patient sedated.
ic_procedure_note_central_venous_catheter,sedation,TEXT,false,,Sedation.
ic_procedure_note_central_venous_catheter,level_sedation,TEXT,false,,Level sedation.
ic_procedure_note_central_venous_catheter,level_sedation_all_anesthesia,TEXT,false,,Level sedation all anesthesia.
ic_procedure_note_central_venous_catheter,level_sedation_anxiolysis,TEXT,false,,Level sedation anxiolysis.
ic_procedure_note_central_venous_catheter,level_sedation_regular_sedation,TEXT,false,,Level sedation regular sedation.
ic_procedure_note_central_venous_catheter,level_sedation_deep_sedation,TEXT,false,,Level sedation deep sedation.
ic_procedure_note_central_venous_catheter,monitoring_vital_data_during_sedation,TEXT,false,,Monitoring vital data during sedation.
ic_procedure_note_central_venous_catheter,start_sedation,TIMESTAMPTZ,false,,Date/time field: Start sedation.
ic_procedure_note_central_venous_catheter,end_sedation,TIMESTAMPTZ,false,,Date/time field: End sedation.
ic_procedure_note_central_venous_catheter,analgesics,TEXT,false,,Analgesics.
ic_procedure_note_central_venous_catheter,anesthesia_method,TEXT,false,,Anesthesia method.
ic_procedure_note_central_venous_catheter,anesthetic_total_ml,NUMERIC,false,,Anesthetic total mL.
ic_procedure_note_central_venous_catheter,pace_threshold_volt,NUMERIC,false,,Pace threshold volts.
ic_procedure_note_central_venous_catheter,number_cm_inserted,NUMERIC,false,,Number cm inserted.
ic_procedure_note_central_venous_catheter,pace_setting_volt,NUMERIC,false,,Pace setting volts.
ic_procedure_note_central_venous_catheter,sense_threshold_mv,NUMERIC,false,,Sense threshold mV.
ic_procedure_note_central_venous_catheter,sense_setting_mv,NUMERIC,false,,Sense setting mV.
ic_procedure_note_central_venous_catheter,procedure_prep,TEXT,false,,Procedure prep.
ic_procedure_note_central_venous_catheter,patient_position,TEXT,false,,Patient position.
ic_procedure_note_central_venous_catheter,catheter_type1,TEXT,false,,Catheter type1.
ic_procedure_note_central_venous_catheter,catheter_type2,TEXT,false,,Catheter type2.
ic_procedure_note_central_venous_catheter,location,TEXT,false,,Location.
ic_procedure_note_central_venous_catheter,substantiation_location,TEXT,false,,Substantiation location.
ic_procedure_note_central_venous_catheter,catheter_size_fr,TEXT,false,,Catheter size French (catheter size unit).
ic_procedure_note_central_venous_catheter,catheter_size_cm,NUMERIC,false,,Catheter size cm.
ic_procedure_note_central_venous_catheter,catheter_length_cm,NUMERIC,false,,Catheter length cm.
ic_procedure_note_central_venous_catheter,depth,NUMERIC,false,,Depth.
ic_procedure_note_central_venous_catheter,ultrasound_guided_puncture,TEXT,false,,Ultrasound guided puncture.
ic_procedure_note_central_venous_catheter,number_attempts_raw,TEXT,false,,Number attempts raw.
ic_procedure_note_central_venous_catheter,number_attempts,NUMERIC,false,,Number attempts.
ic_procedure_note_central_venous_catheter,successfully_introduced,TEXT,false,,Successfully introduced.
ic_procedure_note_central_venous_catheter,picc_line_type,TEXT,false,,PICC line line type.
ic_procedure_note_central_venous_catheter,picc_line_location,TEXT,false,,PICC line line location.
ic_procedure_note_central_venous_catheter,picc_line_left_right,TEXT,false,,PICC line line left right.
ic_procedure_note_central_venous_catheter,ecmo_location,TEXT,false,,ECMO location.
ic_procedure_note_central_venous_catheter,ecmo_function,TEXT,false,,ECMO function.
ic_procedure_note_central_venous_catheter,ecmo_maat_raw,TEXT,false,,"Raw, unparsed text value preserved alongside the cast ecmo_maat column."
ic_procedure_note_central_venous_catheter,ecmo_maat,NUMERIC,false,,ECMO maat.
ic_procedure_note_central_venous_catheter,ecmo_length_raw,TEXT,false,,"Raw, unparsed text value preserved alongside the cast ecmo_length column."
ic_procedure_note_central_venous_catheter,ecmo_length,NUMERIC,false,,ECMO length.
ic_procedure_note_central_venous_catheter,sepsis_peripheral_infusion,TEXT,false,,Sepsis peripheral infusion.
ic_procedure_note_central_venous_catheter,infection_infection,TEXT,false,,Infection infection.
ic_procedure_note_central_venous_catheter,fixation,TEXT,false,,Fixation.
ic_procedure_note_central_venous_catheter,control_post_procedure,TEXT,false,,Control post procedure.
ic_procedure_note_central_venous_catheter,complications,TEXT,false,,Complications.
ic_procedure_note_central_venous_catheter,end_procedure,TIMESTAMPTZ,false,,Date/time field: End procedure.
ic_procedure_note_central_venous_catheter,tolerance_patient_for_intervention,TEXT,false,,Tolerance patient for intervention.
ic_procedure_note_central_venous_catheter,intervention_remarks,TEXT,false,,Intervention remarks.
ic_procedure_note_central_venous_catheter,source,TEXT,false,,Source system the record originated from.
ic_procedure_note_central_venous_catheter,dcm_refreshed_date_time,TIMESTAMPTZ,false,,Timestamp of the last data warehouse refresh for this record.
ic_procedure_note_central_venous_catheter,issue_dt,TIMESTAMPTZ,false,,Timestamp the record was issued/extracted from source.
ic_procedure_note_central_venous_catheter,end_procedure_quality_issue,BOOLEAN,false,,Quality flag: 1 if end_procedure has an implausible future date.
ic_procedure_note_electric_cardioversion,order_id,TEXT,true,,Identifier for the associated order.
ic_procedure_note_electric_cardioversion,pseudo_id,TEXT,false,amc_core.patient_not_traceable(pseudo_id),Pseudonymized patient identifier.
ic_procedure_note_electric_cardioversion,patient_contact_id,TEXT,false,amc_core.patient_appointment(patient_contact_id),Identifier of the clinical contact/encounter this record belongs to.
ic_procedure_note_electric_cardioversion,hospital_location,TEXT,false,,Hospital/site location for this record.
ic_procedure_note_electric_cardioversion,intervention_date_time,TIMESTAMPTZ,false,,Date/time field: Intervention date time.
ic_procedure_note_electric_cardioversion,intervention_name,TEXT,false,,Intervention name.
ic_procedure_note_electric_cardioversion,start_procedure,TIMESTAMPTZ,false,,Date/time field: Start procedure.
ic_procedure_note_electric_cardioversion,informed_consent,TEXT,false,,Informed consent.
ic_procedure_note_electric_cardioversion,correct_patient,TEXT,false,,Correct patient.
ic_procedure_note_electric_cardioversion,correct_procedure,TEXT,false,,Correct procedure.
ic_procedure_note_electric_cardioversion,correct_side,TEXT,false,,Correct side.
ic_procedure_note_electric_cardioversion,relevant_comorbidity_medication_coagulation_status_allergies,TEXT,false,,Relevant comorbidity medication coagulation status allergies.
ic_procedure_note_electric_cardioversion,complications_discussed,TEXT,false,,Complications discussed.
ic_procedure_note_electric_cardioversion,svt_without_anti_coagulation,TEXT,false,,Svt without anti coagulation.
ic_procedure_note_electric_cardioversion,crash_cart_with_defibrillator,TEXT,false,,Crash cart with defibrillator.
ic_procedure_note_electric_cardioversion,defibrillator_on_synchronous_mode,TEXT,false,,Defibrillator on synchronous mode.
ic_procedure_note_electric_cardioversion,waters_set_of_ambu_balloon,TEXT,false,,Waters set of ambu balloon.
ic_procedure_note_electric_cardioversion,suction_system_with_yankauer,TEXT,false,,Suction system with yankauer.
ic_procedure_note_electric_cardioversion,sedativa_and_algetics,TEXT,false,,Sedativa and algetics.
ic_procedure_note_electric_cardioversion,vasoactivia_noradrenaline_atropine,TEXT,false,,Vasoactivia noradrenaline atropine.
ic_procedure_note_electric_cardioversion,preoxygenation100percent_oxygenation,TEXT,false,,Preoxygenation100percent oxygenation.
ic_procedure_note_electric_cardioversion,tube_feeding_and_insulin_discontinuation,TEXT,false,,Tube feeding and insulin discontinuation.
ic_procedure_note_electric_cardioversion,timeout_executed,TEXT,false,,Timeout executed.
ic_procedure_note_electric_cardioversion,analgesics,TEXT,false,,Analgesics.
ic_procedure_note_electric_cardioversion,sedation,TEXT,false,,Sedation.
ic_procedure_note_electric_cardioversion,patient_sedated,TEXT,false,,Patient sedated.
ic_procedure_note_electric_cardioversion,level_sedation,TEXT,false,,Level sedation.
ic_procedure_note_electric_cardioversion,level_sedation_regular_sedation,TEXT,false,,Level sedation regular sedation.
ic_procedure_note_electric_cardioversion,level_sedation_all_anesthesia,TEXT,false,,Level sedation all anesthesia.
ic_procedure_note_electric_cardioversion,level_sedation_anxiolysis,TEXT,false,,Level sedation anxiolysis.
ic_procedure_note_electric_cardioversion,level_sedation_deep_sedation,TEXT,false,,Level sedation deep sedation.
ic_procedure_note_electric_cardioversion,monitoring_vital_data_during_sedation,TEXT,false,,Monitoring vital data during sedation.
ic_procedure_note_electric_cardioversion,start_sedation,TIMESTAMPTZ,false,,Date/time field: Start sedation.
ic_procedure_note_electric_cardioversion,end_sedation,TIMESTAMPTZ,false,,Date/time field: End sedation.
ic_procedure_note_electric_cardioversion,end_procedure,TIMESTAMPTZ,false,,Date/time field: End procedure.
ic_procedure_note_electric_cardioversion,patient_sober,TEXT,false,,Patient sober.
ic_procedure_note_electric_cardioversion,procedural_rhythm,TEXT,false,,Procedural rhythm.
ic_procedure_note_electric_cardioversion,supine,TEXT,false,,Supine.
ic_procedure_note_electric_cardioversion,thorax_ontblood,TEXT,false,,Thorax ontblood.
ic_procedure_note_electric_cardioversion,type_electrodes,TEXT,false,,Type electrodes.
ic_procedure_note_electric_cardioversion,location_electrodes,TEXT,false,,Location electrodes.
ic_procedure_note_electric_cardioversion,indication,TEXT,false,,Indication.
ic_procedure_note_electric_cardioversion,number_attempts_raw,TEXT,false,,Number attempts raw.
ic_procedure_note_electric_cardioversion,number_attempts,NUMERIC,false,,Number attempts.
ic_procedure_note_electric_cardioversion,attempt1_pulseform,TEXT,false,,Attempt1 pulseform.
ic_procedure_note_electric_cardioversion,attempt1_mode,TEXT,false,,Attempt1 mode.
ic_procedure_note_electric_cardioversion,attempt1_shock_joules_raw,TEXT,false,,"Raw, unparsed text value preserved alongside the cast attempt1_shock_joules column."
ic_procedure_note_electric_cardioversion,attempt1_shock_joules,NUMERIC,false,,Attempt1 shock joules.
ic_procedure_note_electric_cardioversion,attempt1_result,TEXT,false,,Attempt1 result.
ic_procedure_note_electric_cardioversion,attempt2_pulseform,TEXT,false,,Attempt2 pulseform.
ic_procedure_note_electric_cardioversion,attempt2_mode,TEXT,false,,Attempt2 mode.
ic_procedure_note_electric_cardioversion,attempt2_shock_joules_raw,TEXT,false,,"Raw, unparsed text value preserved alongside the cast attempt2_shock_joules column."
ic_procedure_note_electric_cardioversion,attempt2_shock_joules,NUMERIC,false,,Attempt2 shock joules.
ic_procedure_note_electric_cardioversion,attempt2_result,TEXT,false,,Attempt2 result.
ic_procedure_note_electric_cardioversion,attempt3_pulseform,TEXT,false,,Attempt3 pulseform.
ic_procedure_note_electric_cardioversion,attempt3_mode,TEXT,false,,Attempt3 mode.
ic_procedure_note_electric_cardioversion,attempt3_shock_joules_raw,TEXT,false,,"Raw, unparsed text value preserved alongside the cast attempt3_shock_joules column."
ic_procedure_note_electric_cardioversion,attempt3_shock_joules,NUMERIC,false,,Attempt3 shock joules.
ic_procedure_note_electric_cardioversion,attempt3_result,TEXT,false,,Attempt3 result.
ic_procedure_note_electric_cardioversion,attempt4_pulseform,TEXT,false,,Attempt4 pulseform.
ic_procedure_note_electric_cardioversion,attempt4_mode,TEXT,false,,Attempt4 mode.
ic_procedure_note_electric_cardioversion,attempt4_shock_joules_raw,TEXT,false,,"Raw, unparsed text value preserved alongside the cast attempt4_shock_joules column."
ic_procedure_note_electric_cardioversion,attempt4_shock_joules,NUMERIC,false,,Attempt4 shock joules.
ic_procedure_note_electric_cardioversion,attempt4_result,TEXT,false,,Attempt4 result.
ic_procedure_note_electric_cardioversion,rhythm_post_intervention,TEXT,false,,Rhythm post intervention.
ic_procedure_note_electric_cardioversion,complications,TEXT,false,,Complications.
ic_procedure_note_electric_cardioversion,tolerance_patient_for_intervention,TEXT,false,,Tolerance patient for intervention.
ic_procedure_note_electric_cardioversion,intervention_remarks,TEXT,false,,Intervention remarks.
ic_procedure_note_electric_cardioversion,source,TEXT,false,,Source system the record originated from.
ic_procedure_note_electric_cardioversion,dcm_refreshed_date_time,TIMESTAMPTZ,false,,Timestamp of the last data warehouse refresh for this record.
ic_procedure_note_electric_cardioversion,issue_dt,DATE,false,,Timestamp the record was issued/extracted from source.
ic_procedure_note_icarus,patient_contact_id,TEXT,true,amc_core.patient_appointment(patient_contact_id),Identifier of the clinical contact/encounter this record belongs to.
ic_procedure_note_icarus,order_id,TEXT,true,,Identifier for the associated order.
ic_procedure_note_icarus,pseudo_id,TEXT,false,amc_core.patient_not_traceable(pseudo_id),Pseudonymized patient identifier.
ic_procedure_note_icarus,hospital_location,TEXT,false,,Hospital/site location for this record.
ic_procedure_note_icarus,intervention_date_time,TIMESTAMPTZ,false,,Date/time field: Intervention date time.
ic_procedure_note_icarus,intervention_name,TEXT,false,,Intervention name.
ic_procedure_note_icarus,start_procedure,TEXT,false,,Start procedure.
ic_procedure_note_icarus,date_time_authorization,TIMESTAMPTZ,false,,Date/time field: Date time authorization.
ic_procedure_note_icarus,informed_consent,TEXT,false,,Informed consent.
ic_procedure_note_icarus,complications_discussed,TEXT,false,,Complications discussed.
ic_procedure_note_icarus,time_out_executed,TEXT,false,,Time out executed.
ic_procedure_note_icarus,indication,TEXT,false,,Indication.
ic_procedure_note_icarus,certified_echographer,TEXT,false,,Certified echographer.
ic_procedure_note_icarus,conclusion,TEXT,false,,Conclusion.
ic_procedure_note_icarus,lung_sliding_left,TEXT,false,,Lung sliding left.
ic_procedure_note_icarus,lung_sliding_right,TEXT,false,,Lung sliding right.
ic_procedure_note_icarus,plaps_left,TEXT,false,,Plaps left.
ic_procedure_note_icarus,plaps_right,TEXT,false,,Plaps right.
ic_procedure_note_icarus,blue_profile,TEXT,false,,Blue profile.
ic_procedure_note_icarus,lung_aeration_score_right_field1_raw,TEXT,false,,"Raw, unparsed text value preserved alongside the cast lung_aeration_score_right_field1 column."
ic_procedure_note_icarus,lung_aeration_score_right_field1,NUMERIC,false,,Lung aeration score right field1.
ic_procedure_note_icarus,lung_aeration_score_right_field2_raw,TEXT,false,,"Raw, unparsed text value preserved alongside the cast lung_aeration_score_right_field2 column."
ic_procedure_note_icarus,lung_aeration_score_right_field2,NUMERIC,false,,Lung aeration score right field2.
ic_procedure_note_icarus,lung_aeration_score_right_field3_raw,TEXT,false,,"Raw, unparsed text value preserved alongside the cast lung_aeration_score_right_field3 column."
ic_procedure_note_icarus,lung_aeration_score_right_field3,NUMERIC,false,,Lung aeration score right field3.
ic_procedure_note_icarus,lung_aeration_score_right_field4_raw,TEXT,false,,"Raw, unparsed text value preserved alongside the cast lung_aeration_score_right_field4 column."
ic_procedure_note_icarus,lung_aeration_score_right_field4,NUMERIC,false,,Lung aeration score right field4.
ic_procedure_note_icarus,lung_aeration_score_right_field5_raw,TEXT,false,,"Raw, unparsed text value preserved alongside the cast lung_aeration_score_right_field5 column."
ic_procedure_note_icarus,lung_aeration_score_right_field5,NUMERIC,false,,Lung aeration score right field5.
ic_procedure_note_icarus,lung_aeration_score_right_field6_raw,TEXT,false,,"Raw, unparsed text value preserved alongside the cast lung_aeration_score_right_field6 column."
ic_procedure_note_icarus,lung_aeration_score_right_field6,NUMERIC,false,,Lung aeration score right field6.
ic_procedure_note_icarus,lung_aeration_score_right_field8_raw,TEXT,false,,"Raw, unparsed text value preserved alongside the cast lung_aeration_score_right_field8 column."
ic_procedure_note_icarus,lung_aeration_score_right_field8,NUMERIC,false,,Lung aeration score right field8.
ic_procedure_note_icarus,lung_aeration_score_left_field1_raw,TEXT,false,,"Raw, unparsed text value preserved alongside the cast lung_aeration_score_left_field1 column."
ic_procedure_note_icarus,lung_aeration_score_left_field1,NUMERIC,false,,Lung aeration score left field1.
ic_procedure_note_icarus,lung_aeration_score_lefts_field2_raw,TEXT,false,,"Raw, unparsed text value preserved alongside the cast lung_aeration_score_lefts_field2 column."
ic_procedure_note_icarus,lung_aeration_score_lefts_field2,NUMERIC,false,,Lung aeration score lefts field2.
ic_procedure_note_icarus,lung_aeration_score_left_field3_raw,TEXT,false,,"Raw, unparsed text value preserved alongside the cast lung_aeration_score_left_field3 column."
ic_procedure_note_icarus,lung_aeration_score_left_field3,NUMERIC,false,,Lung aeration score left field3.
ic_procedure_note_icarus,lung_aeration_score_left_field4_raw,TEXT,false,,"Raw, unparsed text value preserved alongside the cast lung_aeration_score_left_field4 column."
ic_procedure_note_icarus,lung_aeration_score_left_field4,NUMERIC,false,,Lung aeration score left field4.
ic_procedure_note_icarus,lung_aeration_score_left_field5_raw,TEXT,false,,"Raw, unparsed text value preserved alongside the cast lung_aeration_score_left_field5 column."
ic_procedure_note_icarus,lung_aeration_score_left_field5,NUMERIC,false,,Lung aeration score left field5.
ic_procedure_note_icarus,lung_aeration_score_left_field6_raw,TEXT,false,,"Raw, unparsed text value preserved alongside the cast lung_aeration_score_left_field6 column."
ic_procedure_note_icarus,lung_aeration_score_left_field6,NUMERIC,false,,Lung aeration score left field6.
ic_procedure_note_icarus,lung_aeration_score_left_field8_raw,TEXT,false,,"Raw, unparsed text value preserved alongside the cast lung_aeration_score_left_field8 column."
ic_procedure_note_icarus,lung_aeration_score_left_field8,NUMERIC,false,,Lung aeration score left field8.
ic_procedure_note_icarus,lung_aeration_total_score,NUMERIC,false,,Lung aeration total score.
ic_procedure_note_icarus,left_atrium,TEXT,false,,Left atrium.
ic_procedure_note_icarus,right_atrium,TEXT,false,,Right atrium.
ic_procedure_note_icarus,left_ventricle,TEXT,false,,Left ventricle.
ic_procedure_note_icarus,right_ventricle,TEXT,false,,Right ventricle.
ic_procedure_note_icarus,left_ventricular_function,TEXT,false,,Left ventricular function.
ic_procedure_note_icarus,lvot_diameter_mm,NUMERIC,false,,Lvot diameter mm.
ic_procedure_note_icarus,lvot_vti,NUMERIC,false,,Lvot vti.
ic_procedure_note_icarus,heart_rate_bpm,NUMERIC,false,,Heart rate bpm.
ic_procedure_note_icarus,cardiac_output_with_vti_liter_per_minute,NUMERIC,false,,Cardiac output with vti liter per minute.
ic_procedure_note_icarus,right_ventricular_function,TEXT,false,,Right ventricular function.
ic_procedure_note_icarus,tapered_mm,NUMERIC,false,,Tapered mm.
ic_procedure_note_icarus,mitral_insufficiency,TEXT,false,,Mitral insufficiency.
ic_procedure_note_icarus,tricuspid_insufficiency,TEXT,false,,Tricuspid insufficiency.
ic_procedure_note_icarus,cvd_mm_hg,NUMERIC,false,,Cvd mm hg.
ic_procedure_note_icarus,cvd_source,TEXT,false,,Cvd source.
ic_procedure_note_icarus,rsvp,NUMERIC,false,,Rsvp.
ic_procedure_note_icarus,ti_speed,NUMERIC,false,,Ti speed.
ic_procedure_note_icarus,ti_gradient,NUMERIC,false,,Ti gradient.
ic_procedure_note_icarus,pericardial_effusion,TEXT,false,,Pericardial effusion.
ic_procedure_note_icarus,suspicion_tamponande,TEXT,false,,Suspicion tamponande.
ic_procedure_note_icarus,vci_measured_cm,NUMERIC,false,,Vci measured cm.
ic_procedure_note_icarus,vci_collapse_percentage,NUMERIC,false,,Vci collapse percentage.
ic_procedure_note_icarus,filling_status,TEXT,false,,Filling status.
ic_procedure_note_icarus,end_procedure,TEXT,false,,End procedure.
ic_procedure_note_icarus,tolerance_patient_for_intervention,TEXT,false,,Tolerance patient for intervention.
ic_procedure_note_icarus,intervention_remarks,TEXT,false,,Intervention remarks.
ic_procedure_note_icarus,source,TEXT,false,,Source system the record originated from.
ic_procedure_note_icarus,dcm_refreshed_date_time,TIMESTAMPTZ,false,,Timestamp of the last data warehouse refresh for this record.
ic_procedure_note_icarus,issue_dt,TIMESTAMPTZ,false,,Timestamp the record was issued/extracted from source.
ic_procedure_note_intubation,order_id,TEXT,true,,Identifier for the associated order.
ic_procedure_note_intubation,pseudo_id,TEXT,false,amc_core.patient_not_traceable(pseudo_id),Pseudonymized patient identifier.
ic_procedure_note_intubation,patient_contact_id,TEXT,false,amc_core.patient_appointment(patient_contact_id),Identifier of the clinical contact/encounter this record belongs to.
ic_procedure_note_intubation,hospital_location,TEXT,false,,Hospital/site location for this record.
ic_procedure_note_intubation,intervention_date_time,TIMESTAMPTZ,false,,Date/time field: Intervention date time.
ic_procedure_note_intubation,intervention_name,TEXT,false,,Intervention name.
ic_procedure_note_intubation,start_procedure,TEXT,false,,Start procedure.
ic_procedure_note_intubation,informed_consent,TEXT,false,,Informed consent.
ic_procedure_note_intubation,complications_discussed,TEXT,false,,Complications discussed.
ic_procedure_note_intubation,time_out_executed,TEXT,false,,Time out executed.
ic_procedure_note_intubation,correct_patient,TEXT,false,,Correct patient.
ic_procedure_note_intubation,correct_procedure,TEXT,false,,Correct procedure.
ic_procedure_note_intubation,correct_side,TEXT,false,,Correct side.
ic_procedure_note_intubation,relevant_comorbidity_medication_coagulation_status_allergies,TEXT,false,,Relevant comorbidity medication coagulation status allergies.
ic_procedure_note_intubation,expected_difficult_intubation,TEXT,false,,Expected difficult intubation.
ic_procedure_note_intubation,sedation,TEXT,false,,Sedation.
ic_procedure_note_intubation,muscle_relaxants,TEXT,false,,Muscle relaxants.
ic_procedure_note_intubation,local_anaesthesia_total_ml,NUMERIC,false,,Local anaesthesia total mL.
ic_procedure_note_intubation,local_anaesthesia,TEXT,false,,Local anaesthesia.
ic_procedure_note_intubation,inductor,TEXT,false,,Inductor.
ic_procedure_note_intubation,neuromuscular_blockade,TEXT,false,,Neuromuscular blockade.
ic_procedure_note_intubation,vasoactivia_noradrenaline_atropine,TEXT,false,,Vasoactivia noradrenaline atropine.
ic_procedure_note_intubation,watset_and_or_ambuballoon,TEXT,false,,Watset and or ambuballoon.
ic_procedure_note_intubation,respirator_on_controlled_mode,TEXT,false,,Respirator on controlled mode.
ic_procedure_note_intubation,puseoximetry_noise_activated,TEXT,false,,Puseoximetry noise activated.
ic_procedure_note_intubation,capnographer_connected_and_functional,TEXT,false,,Capnographer connected and functional.
ic_procedure_note_intubation,suction_system_with_yankauer,TEXT,false,,Suction system with yankauer.
ic_procedure_note_intubation,laryngoscope_including_evt_videolaryngoscopy,TEXT,false,,Laryngoscope including evt videolaryngoscopy.
ic_procedure_note_intubation,ventilation_mask_guedell,TEXT,false,,Ventilation mask guedell.
ic_procedure_note_intubation,tubes_stilet_blue_voerder,TEXT,false,,Tubes stilet blue voerder.
ic_procedure_note_intubation,laryngeal_mask,TEXT,false,,Laryngeal mask.
ic_procedure_note_intubation,tube_fixation_plaster,TEXT,false,,Tube fixation plaster.
ic_procedure_note_intubation,indications,TEXT,false,,Indications.
ic_procedure_note_intubation,intubation_method,TEXT,false,,Intubation method.
ic_procedure_note_intubation,patient_status,TEXT,false,,Patient status.
ic_procedure_note_intubation,preoxygenation,TEXT,false,,Preoxygenation.
ic_procedure_note_intubation,laryngoscope_blade,TEXT,false,,Laryngoscope blade.
ic_procedure_note_intubation,tubemate_mm_raw,TEXT,false,,"Raw, unparsed text value preserved alongside the cast tubemate_mm column."
ic_procedure_note_intubation,tubemate_mm,NUMERIC,false,,Tubemate mm.
ic_procedure_note_intubation,type_tube,TEXT,false,,Type tube.
ic_procedure_note_intubation,number_attempts_raw,TEXT,false,,Number attempts raw.
ic_procedure_note_intubation,number_attempts,NUMERIC,false,,Number attempts.
ic_procedure_note_intubation,ventilation_between_attempts_means,TEXT,false,,Ventilation between attempts means.
ic_procedure_note_intubation,burp,TEXT,false,,Burp.
ic_procedure_note_intubation,view_of_larynx_by_direct_laryngoscopy,TEXT,false,,View of larynx by direct laryngoscopy.
ic_procedure_note_intubation,control_intubation,TEXT,false,,Control intubation.
ic_procedure_note_intubation,breath_noise,TEXT,false,,Breath noise.
ic_procedure_note_intubation,cuff_inflated,TEXT,false,,Cuff inflated.
ic_procedure_note_intubation,tube_fused_with,TEXT,false,,Tube fused with.
ic_procedure_note_intubation,tube_depth_to_lip_cm,NUMERIC,false,,Tube depth to lip cm.
ic_procedure_note_intubation,tube_depth_to_teeth_cm,NUMERIC,false,,Tube depth to teeth cm.
ic_procedure_note_intubation,control_photo_assessed_by,TEXT,false,,Control photo assessed by.
ic_procedure_note_intubation,findings_xthorax,TEXT,false,,Findings xthorax.
ic_procedure_note_intubation,end_procedure,TEXT,false,,End procedure.
ic_procedure_note_intubation,tolerance_patient_for_intervention,TEXT,false,,Tolerance patient for intervention.
ic_procedure_note_intubation,intervention_remarks,TEXT,false,,Intervention remarks.
ic_procedure_note_intubation,source,TEXT,false,,Source system the record originated from.
ic_procedure_note_intubation,dcm_refreshed_date_time,TIMESTAMPTZ,false,,Timestamp of the last data warehouse refresh for this record.
ic_procedure_note_intubation,issue_dt,TIMESTAMPTZ,false,,Timestamp the record was issued/extracted from source.
ic_procedure_note_thorax_drain,order_id,TEXT,true,,Identifier for the associated order.
ic_procedure_note_thorax_drain,pseudo_id,TEXT,false,amc_core.patient_not_traceable(pseudo_id),Pseudonymized patient identifier.
ic_procedure_note_thorax_drain,patient_contact_id,TEXT,false,amc_core.patient_appointment(patient_contact_id),Identifier of the clinical contact/encounter this record belongs to.
ic_procedure_note_thorax_drain,hospital_location,TEXT,false,,Hospital/site location for this record.
ic_procedure_note_thorax_drain,intervention_date_time,TIMESTAMPTZ,false,,Date/time field: Intervention date time.
ic_procedure_note_thorax_drain,intervention_name,TEXT,false,,Intervention name.
ic_procedure_note_thorax_drain,start_procedure,TIMESTAMPTZ,false,,Date/time field: Start procedure.
ic_procedure_note_thorax_drain,informed_consent,TEXT,false,,Informed consent.
ic_procedure_note_thorax_drain,correct_patient,TEXT,false,,Correct patient.
ic_procedure_note_thorax_drain,correct_procedure,TEXT,false,,Correct procedure.
ic_procedure_note_thorax_drain,correct_side,TEXT,false,,Correct side.
ic_procedure_note_thorax_drain,relevant_comorbidity_medication_coagulation_status_allergies,TEXT,false,,Relevant comorbidity medication coagulation status allergies.
ic_procedure_note_thorax_drain,complications_discussed,TEXT,false,,Complications discussed.
ic_procedure_note_thorax_drain,severe_coagulation_disorders,TEXT,false,,Severe coagulation disorders.
ic_procedure_note_thorax_drain,sedation_and_analgesia,TEXT,false,,Sedation and analgesia.
ic_procedure_note_thorax_drain,thorax_suction_drainage_set,TEXT,false,,Thorax suction drainage set.
ic_procedure_note_thorax_drain,sterile_gloves_coat_cloths_chlorhexide_at_alcohol70percent,TEXT,false,,Sterile gloves coat cloths chlorhexide at alcohol70percent.
ic_procedure_note_thorax_drain,non_soluble_suture,TEXT,false,,Non soluble suture.
ic_procedure_note_thorax_drain,wound_care_kit,TEXT,false,,Wound care kit.
ic_procedure_note_thorax_drain,kelly_clip,TEXT,false,,Kelly clip.
ic_procedure_note_thorax_drain,thoracic_drain_of_pneumocath,TEXT,false,,Thoracic drain of pneumocath.
ic_procedure_note_thorax_drain,lolale_anesthetics_puller_syringe_green_needle,TEXT,false,,Lolale anesthetics puller syringe green needle.
ic_procedure_note_thorax_drain,pneumothorax_insertion_kit,TEXT,false,,Pneumothorax insertion kit.
ic_procedure_note_thorax_drain,tiewraps_and_tightening_gun,TEXT,false,,Tiewraps and tightening gun.
ic_procedure_note_thorax_drain,minimum_two_venous_accessions,TEXT,false,,Minimum two venous accessions.
ic_procedure_note_thorax_drain,determine_position_thoraxdrain_and_position_patint,TEXT,false,,Determine position thoraxdrain and position patint.
ic_procedure_note_thorax_drain,pulse_oximetry,TEXT,false,,Pulse oximetry.
ic_procedure_note_thorax_drain,time_out_executed,TEXT,false,,Time out executed.
ic_procedure_note_thorax_drain,indications,TEXT,false,,Indications.
ic_procedure_note_thorax_drain,indication_hemoneumothorax,TEXT,false,,Indication hemoneumothorax.
ic_procedure_note_thorax_drain,indication_clap_lung,TEXT,false,,Indication clap lung.
ic_procedure_note_thorax_drain,indication_pleural_effusion,TEXT,false,,Indication pleural effusion.
ic_procedure_note_thorax_drain,indication_chylothorax,TEXT,false,,Indication chylothorax.
ic_procedure_note_thorax_drain,indication_hemothorax,TEXT,false,,Indication hemothorax.
ic_procedure_note_thorax_drain,indication_emypeem,TEXT,false,,Indication emypeem.
ic_procedure_note_thorax_drain,indication_stress_pneumothorax,TEXT,false,,Indication stress pneumothorax.
ic_procedure_note_thorax_drain,sedation,TEXT,false,,Sedation.
ic_procedure_note_thorax_drain,start_sedation,TIMESTAMPTZ,false,,Date/time field: Start sedation.
ic_procedure_note_thorax_drain,end_sedation,TIMESTAMPTZ,false,,Date/time field: End sedation.
ic_procedure_note_thorax_drain,anesthesia_method,TEXT,false,,Anesthesia method.
ic_procedure_note_thorax_drain,local_anaesthesia,TEXT,false,,Local anaesthesia.
ic_procedure_note_thorax_drain,anesthetic_total_ml,NUMERIC,false,,Anesthetic total mL.
ic_procedure_note_thorax_drain,patient_sedated,TEXT,false,,Patient sedated.
ic_procedure_note_thorax_drain,level_sedation,TEXT,false,,Level sedation.
ic_procedure_note_thorax_drain,level_sedation_all_anesthesia,TEXT,false,,Level sedation all anesthesia.
ic_procedure_note_thorax_drain,level_sedation_anxiolysis,TEXT,false,,Level sedation anxiolysis.
ic_procedure_note_thorax_drain,level_sedation_regular_sedation,TEXT,false,,Level sedation regular sedation.
ic_procedure_note_thorax_drain,level_sedation_deep_sedation,TEXT,false,,Level sedation deep sedation.
ic_procedure_note_thorax_drain,monitoring_vital_data_during_sedation,TEXT,false,,Monitoring vital data during sedation.
ic_procedure_note_thorax_drain,analgesics,TEXT,false,,Analgesics.
ic_procedure_note_thorax_drain,preparation,TEXT,false,,Preparation.
ic_procedure_note_thorax_drain,thoraxdrain_location,TEXT,false,,Thoraxdrain location.
ic_procedure_note_thorax_drain,orientation_drain,TEXT,false,,Orientation drain.
ic_procedure_note_thorax_drain,size_scalpel_raw,TEXT,false,,"Raw, unparsed text value preserved alongside the cast size_scalpel column."
ic_procedure_note_thorax_drain,size_scalpel,NUMERIC,false,,Size scalpel.
ic_procedure_note_thorax_drain,type_drain,TEXT,false,,Type drain.
ic_procedure_note_thorax_drain,size_drain_french_raw,TEXT,false,,"Raw, unparsed text value preserved alongside the cast size_drain_french column."
ic_procedure_note_thorax_drain,size_drain_french,NUMERIC,false,,Size drain french.
ic_procedure_note_thorax_drain,catheter_size,NUMERIC,false,,Catheter size.
ic_procedure_note_thorax_drain,method_dissection,TEXT,false,,Method dissection.
ic_procedure_note_thorax_drain,echo_guided,TEXT,false,,Echo guided.
ic_procedure_note_thorax_drain,aspect_drainage,TEXT,false,,Aspect drainage.
ic_procedure_note_thorax_drain,quantity_drainage,NUMERIC,false,,Quantity drainage.
ic_procedure_note_thorax_drain,suture,TEXT,false,,Suture.
ic_procedure_note_thorax_drain,bandage,TEXT,false,,Bandage.
ic_procedure_note_thorax_drain,radiographic_findings,TEXT,false,,Radiographic findings.
ic_procedure_note_thorax_drain,radiographic_findings_repositioned,TEXT,false,,Radiographic findings repositioned.
ic_procedure_note_thorax_drain,radio_findings_good_position,TEXT,false,,Radio findings good position.
ic_procedure_note_thorax_drain,complications,TEXT,false,,Complications.
ic_procedure_note_thorax_drain,end_procedure,TEXT,false,,End procedure.
ic_procedure_note_thorax_drain,tolerance_patient_for_intervention,TEXT,false,,Tolerance patient for intervention.
ic_procedure_note_thorax_drain,intervention_remarks,TEXT,false,,Intervention remarks.
ic_procedure_note_thorax_drain,source,TEXT,false,,Source system the record originated from.
ic_procedure_note_thorax_drain,dcm_refreshed_date_time,TIMESTAMPTZ,false,,Timestamp of the last data warehouse refresh for this record.
ic_procedure_note_thorax_drain,issue_dt,TIMESTAMPTZ,false,,Timestamp the record was issued/extracted from source.
ic_procedure_note_tracheostomy,order_id,TEXT,true,,Identifier for the associated order.
ic_procedure_note_tracheostomy,pseudo_id,TEXT,false,amc_core.patient_not_traceable(pseudo_id),Pseudonymized patient identifier.
ic_procedure_note_tracheostomy,patient_contact_id,TEXT,false,amc_core.patient_appointment(patient_contact_id),Identifier of the clinical contact/encounter this record belongs to.
ic_procedure_note_tracheostomy,hospital_location,TEXT,false,,Hospital/site location for this record.
ic_procedure_note_tracheostomy,intervention_date_time,TIMESTAMPTZ,false,,Date/time field: Intervention date time.
ic_procedure_note_tracheostomy,intervention_name,TEXT,false,,Intervention name.
ic_procedure_note_tracheostomy,start_procedure,TEXT,false,,Start procedure.
ic_procedure_note_tracheostomy,informed_consent,TEXT,false,,Informed consent.
ic_procedure_note_tracheostomy,correct_patient,TEXT,false,,Correct patient.
ic_procedure_note_tracheostomy,correct_procedure,TEXT,false,,Correct procedure.
ic_procedure_note_tracheostomy,correct_side,TEXT,false,,Correct side.
ic_procedure_note_tracheostomy,relevant_comorbidity_medication_coagulation_status_allergies,TEXT,false,,Relevant comorbidity medication coagulation status allergies.
ic_procedure_note_tracheostomy,complications_discussed,TEXT,false,,Complications discussed.
ic_procedure_note_tracheostomy,known_difficult_airway,TEXT,false,,Known difficult airway.
ic_procedure_note_tracheostomy,cervical_or_high_thoracic_vertebral_fracture_or_instability,TEXT,false,,Cervical or high thoracic vertebral fracture or instability.
ic_procedure_note_tracheostomy,anatomical_abnormalities_neck_or_neck,TEXT,false,,Anatomical abnormalities neck or neck.
ic_procedure_note_tracheostomy,increased_intracranial_pressure,TEXT,false,,Increased intracranial pressure.
ic_procedure_note_tracheostomy,severe_oxygenationstroornis_pee_phogerd_dan10,TEXT,false,,Severe oxygenationstroornis pee phogerd dan10.
ic_procedure_note_tracheostomy,severe_coagulation_disorders,TEXT,false,,Severe coagulation disorders.
ic_procedure_note_tracheostomy,preoxygenation100percent_oxygenation,TEXT,false,,Preoxygenation100percent oxygenation.
ic_procedure_note_tracheostomy,sedation_and_neuromuscular_blockade,TEXT,false,,Sedation and neuromuscular blockade.
ic_procedure_note_tracheostomy,vasoactiva,TEXT,false,,Vasoactiva.
ic_procedure_note_tracheostomy,respirator_at_volume_controlled_with100proc_oxygen,TEXT,false,,Respirator at volume controlled with100proc oxygen.
ic_procedure_note_tracheostomy,intubation_equipment_reserve_tube,TEXT,false,,Intubation equipment reserve tube.
ic_procedure_note_tracheostomy,trachea_cannula_insertion_kit,TEXT,false,,Trachea cannula insertion kit.
ic_procedure_note_tracheostomy,bronchoscope_inclusion_guedels_suction_scissors,TEXT,false,,Bronchoscope inclusion guedels suction scissors.
ic_procedure_note_tracheostomy,minimum_two_venous_accessions,TEXT,false,,Minimum two venous accessions.
ic_procedure_note_tracheostomy,tube_feeding_and_insulin_discontinuation,TEXT,false,,Tube feeding and insulin discontinuation.
ic_procedure_note_tracheostomy,suction_stomach_throat_nose_cavity,TEXT,false,,Suction stomach throat nose cavity.
ic_procedure_note_tracheostomy,time_out_executed,TEXT,false,,Time out executed.
ic_procedure_note_tracheostomy,indication,TEXT,false,,Indication.
ic_procedure_note_tracheostomy,relative_contraindications,TEXT,false,,Relative contraindications.
ic_procedure_note_tracheostomy,sedation,TEXT,false,,Sedation.
ic_procedure_note_tracheostomy,neuromuscular_blockade,TEXT,false,,Neuromuscular blockade.
ic_procedure_note_tracheostomy,method,TEXT,false,,Method.
ic_procedure_note_tracheostomy,note,TEXT,false,,Note.
ic_procedure_note_tracheostomy,tracheacanule_type,TEXT,false,,Tracheacanule type.
ic_procedure_note_tracheostomy,trachea_cannula_size,TEXT,false,,Trachea cannula size.
ic_procedure_note_tracheostomy,echo_guided,TEXT,false,,Echo guided.
ic_procedure_note_tracheostomy,bronchoscopy_conducted,TEXT,false,,Bronchoscopy conducted.
ic_procedure_note_tracheostomy,number_attempts_raw,TEXT,false,,Number attempts raw.
ic_procedure_note_tracheostomy,number_attempts,NUMERIC,false,,Number attempts.
ic_procedure_note_tracheostomy,position_tracheostoma,TEXT,false,,Position tracheostoma.
ic_procedure_note_tracheostomy,control_depth,TEXT,false,,Control depth.
ic_procedure_note_tracheostomy,distance_to_carina_cm,NUMERIC,false,,Distance to carina cm.
ic_procedure_note_tracheostomy,successful_placement,TEXT,false,,Successful placement.
ic_procedure_note_tracheostomy,complications,TEXT,false,,Complications.
ic_procedure_note_tracheostomy,end_procedure,TEXT,false,,End procedure.
ic_procedure_note_tracheostomy,tolerance_patient_for_intervention,TEXT,false,,Tolerance patient for intervention.
ic_procedure_note_tracheostomy,intervention_remarks,TEXT,false,,Intervention remarks.
ic_procedure_note_tracheostomy,source,TEXT,false,,Source system the record originated from.
ic_procedure_note_tracheostomy,dcm_refreshed_date_time,TIMESTAMPTZ,false,,Timestamp of the last data warehouse refresh for this record.
ic_procedure_note_tracheostomy,issue_dt,TIMESTAMPTZ,false,,Timestamp the record was issued/extracted from source.
imaging_study_order,imaging_study_order_id,BIGSERIAL,true,,Identifier for the associated imaging study order.
imaging_study_order,pseudo_id,TEXT,false,amc_core.patient_not_traceable(pseudo_id),Pseudonymized patient identifier.
imaging_study_order,patient_contact_id,TEXT,false,amc_core.patient_appointment(patient_contact_id),Identifier of the clinical contact/encounter this record belongs to.
imaging_study_order,accession_number,TEXT,false,,Accession number.
imaging_study_order,imaging_study_status,TEXT,false,,Imaging study status.
imaging_study_order,start_moment,TIMESTAMPTZ,false,,Date/time field: Start moment.
imaging_study_order,start_date,DATE,false,,Date/time field: Start date.
imaging_study_order,start_time,TIME,false,,Date/time field: Start time.
imaging_study_order,end_moment,TIMESTAMPTZ,false,,Date/time field: End moment.
imaging_study_order,end_date,DATE,false,,Date/time field: End date.
imaging_study_order,end_time,TIME,false,,Date/time field: End time.
imaging_study_order,order_assignment,TEXT,false,,Order assignment.
imaging_study_order,requesting_workplace,TEXT,false,,Requesting workplace.
imaging_study_order,executive_workplace,TEXT,false,,Executive workplace.
imaging_study_order,hospital_location_code,TEXT,false,,Coded hospital/site location for this record.
imaging_study_order,hospital_location,TEXT,false,,Hospital/site location for this record.
imaging_study_order,final_report_date_time,TIMESTAMPTZ,false,,Date/time field: Final report date time.
imaging_study_order,is_cancelled,TEXT,false,,Flag: Cancelled.
imaging_study_order,source,TEXT,false,,Source system the record originated from.
imaging_study_order,dcm_refreshed_date_time,TIMESTAMPTZ,false,,Timestamp of the last data warehouse refresh for this record.
imaging_study_order,issue_dt,TIMESTAMPTZ,false,,Timestamp the record was issued/extracted from source.
lab_result,lab_result_id,BIGSERIAL,true,,Surrogate primary key for the lab result row.
lab_result,pseudo_id,TEXT,false,amc_core.patient_not_traceable(pseudo_id),Pseudonymized patient identifier.
lab_result,sample_id,TEXT,false,,Identifier for the associated sample.
lab_result,determination_code,TEXT,false,,Determination code.
lab_result,sampling_location,TEXT,false,,Sampling location.
lab_result,collection_location_remark,TEXT,false,,Collection location remark.
lab_result,material_decrease_date,DATE,false,,Date/time field: Material decrease date.
lab_result,material_decrease_time,TIME,false,,Date/time field: Material decrease time.
lab_result,material_decrease_date_time,TIMESTAMPTZ,false,,Date/time field: Material decrease date time.
lab_result,material_type,TEXT,false,,Material type.
lab_result,determination,TEXT,false,,Determination.
lab_result,requesting_workplace_abbreviation,TEXT,false,,Requesting workplace abbreviation.
lab_result,result_date,DATE,false,,Date/time field: Result date.
lab_result,result_time,TIME,false,,Date/time field: Result time.
lab_result,result_date_time,TIMESTAMPTZ,false,,Date/time field: Result date time.
lab_result,normalvalue_below,NUMERIC,false,,Normalvalue below.
lab_result,normalvalue_upper_limit,NUMERIC,false,,Normalvalue upper limit.
lab_result,result_text,TEXT,false,,Result text.
lab_result,result_numeric,NUMERIC,false,,Result numeric.
lab_result,result_unit,TEXT,false,,Result unit.
lab_result,result_remark,TEXT,false,,Result remark.
lab_result,source,TEXT,false,,Source system the record originated from.
lab_result,dcm_refreshed_date_time,TIMESTAMPTZ,false,,Timestamp of the last data warehouse refresh for this record.
lab_result,issue_dt,TIMESTAMPTZ,false,,Timestamp the record was issued/extracted from source.
lab_result,probable_contact_id,TEXT,false,,Contact ID inferred via date-range linkage repair (05_linkage_repair) when the source data had no direct contact match.
lab_result,probable_partial_traject_id,TEXT,false,,Partial-traject ID inferred via date-range linkage repair (05_linkage_repair) when the source data had no direct contact match.
measurement_blood_pressure,patient_contact_id,TEXT,true,amc_core.patient_appointment(patient_contact_id),Identifier of the clinical contact/encounter this record belongs to.
measurement_blood_pressure,measurement_moment,TIMESTAMPTZ,true,,Date/time field: Measurement moment.
measurement_blood_pressure,demand_observation,TEXT,true,,Demand observation.
measurement_blood_pressure,pseudo_id,TEXT,false,amc_core.patient_not_traceable(pseudo_id),Pseudonymized patient identifier.
measurement_blood_pressure,hospital_location,TEXT,false,,Hospital/site location for this record.
measurement_blood_pressure,meet_time,TIME,false,,Date/time field: Meet time.
measurement_blood_pressure,meet_date,DATE,false,,Date/time field: Meet date.
measurement_blood_pressure,blood_pressure_supplemented,TEXT,false,,Blood pressure supplemented.
measurement_blood_pressure,systolic_blood_pressure_value,NUMERIC,false,,Systolic blood pressure value.
measurement_blood_pressure,diastolic_blood_pressure_value,NUMERIC,false,,Diastolic blood pressure value.
measurement_blood_pressure,question_observation_code,TEXT,false,,Question observation code.
measurement_blood_pressure,source,TEXT,false,,Source system the record originated from.
measurement_blood_pressure,dcm_refreshed_date_time,TIMESTAMPTZ,false,,Timestamp of the last data warehouse refresh for this record.
measurement_blood_pressure,issue_dt,TIMESTAMPTZ,false,,Timestamp the record was issued/extracted from source.
measurement_blood_pressure_average,patient_contact_id,TEXT,true,amc_core.patient_appointment(patient_contact_id),Identifier of the clinical contact/encounter this record belongs to.
measurement_blood_pressure_average,measurement_moment,TIMESTAMPTZ,true,,Date/time field: Measurement moment.
measurement_blood_pressure_average,blood_pressure_average,NUMERIC,true,,Blood pressure average.
measurement_blood_pressure_average,pseudo_id,TEXT,false,amc_core.patient_not_traceable(pseudo_id),Pseudonymized patient identifier.
measurement_blood_pressure_average,hospital_location,TEXT,false,,Hospital/site location for this record.
measurement_blood_pressure_average,meet_time,TIME,false,,Date/time field: Meet time.
measurement_blood_pressure_average,meet_date,DATE,false,,Date/time field: Meet date.
measurement_blood_pressure_average,source,TEXT,false,,Source system the record originated from.
measurement_blood_pressure_average,dcm_refreshed_date_time,TIMESTAMPTZ,false,,Timestamp of the last data warehouse refresh for this record.
measurement_blood_pressure_average,issue_dt,TIMESTAMPTZ,false,,Timestamp the record was issued/extracted from source.
measurement_bmi,patient_contact_id,TEXT,true,amc_core.patient_appointment(patient_contact_id),Identifier of the clinical contact/encounter this record belongs to.
measurement_bmi,measurement_moment,TIMESTAMPTZ,true,,Date/time field: Measurement moment.
measurement_bmi,bmi,NUMERIC,true,,BMI.
measurement_bmi,pseudo_id,TEXT,false,amc_core.patient_not_traceable(pseudo_id),Pseudonymized patient identifier.
measurement_bmi,hospital_location,TEXT,false,,Hospital/site location for this record.
measurement_bmi,meet_time,TIME,false,,Date/time field: Meet time.
measurement_bmi,meet_date,DATE,false,,Date/time field: Meet date.
measurement_bmi,source,TEXT,false,,Source system the record originated from.
measurement_bmi,dcm_refreshed_date_time,TIMESTAMPTZ,false,,Timestamp of the last data warehouse refresh for this record.
measurement_bmi,issue_dt,TIMESTAMPTZ,false,,Timestamp the record was issued/extracted from source.
measurement_chadsvasc_score,patient_contact_id,TEXT,true,amc_core.patient_appointment(patient_contact_id),Identifier of the clinical contact/encounter this record belongs to.
measurement_chadsvasc_score,measurement_moment,TIMESTAMPTZ,true,,Date/time field: Measurement moment.
measurement_chadsvasc_score,pseudo_id,TEXT,false,amc_core.patient_not_traceable(pseudo_id),Pseudonymized patient identifier.
measurement_chadsvasc_score,hospital_location,TEXT,false,,Hospital/site location for this record.
measurement_chadsvasc_score,meet_time,TIME,false,,Date/time field: Meet time.
measurement_chadsvasc_score,meet_date,DATE,false,,Date/time field: Meet date.
measurement_chadsvasc_score,stroke_risk,TEXT,false,,Stroke risk.
measurement_chadsvasc_score,congestive_heart_failure,TEXT,false,,Congestive heart failure.
measurement_chadsvasc_score,hypertension,TEXT,false,,Hypertension.
measurement_chadsvasc_score,age,TEXT,false,,Age.
measurement_chadsvasc_score,diabetes_mellitus,TEXT,false,,Diabetes mellitus.
measurement_chadsvasc_score,stroke_ti_athrombo_embolism,TEXT,false,,Stroke ti athrombo embolism.
measurement_chadsvasc_score,vascular_disease,TEXT,false,,Vascular disease.
measurement_chadsvasc_score,sex,TEXT,false,,Sex.
measurement_chadsvasc_score,chadsvasc_score,NUMERIC,false,,Chadsvasc score.
measurement_chadsvasc_score,source,TEXT,false,,Source system the record originated from.
measurement_chadsvasc_score,dcm_refreshed_date_time,TIMESTAMPTZ,false,,Timestamp of the last data warehouse refresh for this record.
measurement_chadsvasc_score,issue_dt,TIMESTAMPTZ,false,,Timestamp the record was issued/extracted from source.
measurement_diurese,patient_contact_id,TEXT,true,amc_core.patient_appointment(patient_contact_id),Identifier of the clinical contact/encounter this record belongs to.
measurement_diurese,measurement_moment,TIMESTAMPTZ,true,,Date/time field: Measurement moment.
measurement_diurese,pseudo_id,TEXT,false,amc_core.patient_not_traceable(pseudo_id),Pseudonymized patient identifier.
measurement_diurese,hospital_location,TEXT,false,,Hospital/site location for this record.
measurement_diurese,meet_time,TIME,false,,Date/time field: Meet time.
measurement_diurese,meet_date,DATE,false,,Date/time field: Meet date.
measurement_diurese,diuresis_output,NUMERIC,false,,Diuresis output.
measurement_diurese,unit,TEXT,false,,Unit.
measurement_diurese,source,TEXT,false,,Source system the record originated from.
measurement_diurese,dcm_refreshed_date_time,TIMESTAMPTZ,false,,Timestamp of the last data warehouse refresh for this record.
measurement_diurese,issue_dt,DATE,false,,Timestamp the record was issued/extracted from source.
measurement_doss_score,patient_contact_id,TEXT,true,amc_core.patient_appointment(patient_contact_id),Identifier of the clinical contact/encounter this record belongs to.
measurement_doss_score,measurement_moment,TIMESTAMPTZ,true,,Date/time field: Measurement moment.
measurement_doss_score,pseudo_id,TEXT,false,amc_core.patient_not_traceable(pseudo_id),Pseudonymized patient identifier.
measurement_doss_score,hospital_location,TEXT,false,,Hospital/site location for this record.
measurement_doss_score,meet_time,TIME,false,,Date/time field: Meet time.
measurement_doss_score,meet_date,DATE,false,,Date/time field: Meet date.
measurement_doss_score,dos_total,NUMERIC,false,,Dos total.
measurement_doss_score,doss_average24h,NUMERIC,false,,Doss average24h.
measurement_doss_score,doss_average24uur0730to0730,NUMERIC,false,,Doss average24uur0730to0730.
measurement_doss_score,sink,TEXT,false,,Sink.
measurement_doss_score,derived,TEXT,false,,Derived.
measurement_doss_score,attention,TEXT,false,,Attention.
measurement_doss_score,no_question,TEXT,false,,No question.
measurement_doss_score,non_fitting_answers,TEXT,false,,Non fitting answers.
measurement_doss_score,slow_respond,TEXT,false,,Slow respond.
measurement_doss_score,elsewhere,TEXT,false,,Elsewhere.
measurement_doss_score,daily,TEXT,false,,Daily.
measurement_doss_score,reminder,TEXT,false,,Reminder.
measurement_doss_score,picking_behaviour,TEXT,false,,Picking behaviour.
measurement_doss_score,drip_plugging,TEXT,false,,Drip plugging.
measurement_doss_score,quickly_emotional,TEXT,false,,Quickly emotional.
measurement_doss_score,seeing_or_hearing_things,TEXT,false,,Seeing or hearing things.
measurement_doss_score,source,TEXT,false,,Source system the record originated from.
measurement_doss_score,dcm_refreshed_date_time,TIMESTAMPTZ,false,,Timestamp of the last data warehouse refresh for this record.
measurement_doss_score,issue_dt,TIMESTAMPTZ,false,,Timestamp the record was issued/extracted from source.
measurement_fluid_assessment_diuresis,patient_contact_id,TEXT,true,amc_core.patient_appointment(patient_contact_id),Identifier of the clinical contact/encounter this record belongs to.
measurement_fluid_assessment_diuresis,measurement_moment,TIMESTAMPTZ,true,,Date/time field: Measurement moment.
measurement_fluid_assessment_diuresis,pseudo_id,TEXT,false,amc_core.patient_not_traceable(pseudo_id),Pseudonymized patient identifier.
measurement_fluid_assessment_diuresis,hospital_location,TEXT,false,,Hospital/site location for this record.
measurement_fluid_assessment_diuresis,meet_time,TIME,false,,Date/time field: Meet time.
measurement_fluid_assessment_diuresis,meet_date,DATE,false,,Date/time field: Meet date.
measurement_fluid_assessment_diuresis,incontinence_urine,TEXT,false,,Incontinence urine.
measurement_fluid_assessment_diuresis,description_urine,TEXT,false,,Description urine.
measurement_fluid_assessment_diuresis,urine_odor,TEXT,false,,Urine odor.
measurement_fluid_assessment_diuresis,bladderscan_ml_raw,TEXT,false,,"Raw, unparsed text value preserved alongside the cast bladderscan_ml column."
measurement_fluid_assessment_diuresis,bladderscan_ml,NUMERIC,false,,Bladderscan mL.
measurement_fluid_assessment_diuresis,intermittent_catheterization,TEXT,false,,Intermittent catheterization.
measurement_fluid_assessment_diuresis,source,TEXT,false,,Source system the record originated from.
measurement_fluid_assessment_diuresis,dcm_refreshed_date_time,TIMESTAMPTZ,false,,Timestamp of the last data warehouse refresh for this record.
measurement_fluid_assessment_diuresis,issue_dt,TIMESTAMPTZ,false,,Timestamp the record was issued/extracted from source.
measurement_fluid_balance_assessment_emesis,patient_contact_id,TEXT,true,amc_core.patient_appointment(patient_contact_id),Identifier of the clinical contact/encounter this record belongs to.
measurement_fluid_balance_assessment_emesis,measurement_moment,TIMESTAMPTZ,true,,Date/time field: Measurement moment.
measurement_fluid_balance_assessment_emesis,pseudo_id,TEXT,false,amc_core.patient_not_traceable(pseudo_id),Pseudonymized patient identifier.
measurement_fluid_balance_assessment_emesis,hospital_location,TEXT,false,,Hospital/site location for this record.
measurement_fluid_balance_assessment_emesis,meet_time,TIME,false,,Date/time field: Meet time.
measurement_fluid_balance_assessment_emesis,meet_date,DATE,false,,Date/time field: Meet date.
measurement_fluid_balance_assessment_emesis,assessment_emesis,TEXT,false,,Assessment emesis.
measurement_fluid_balance_assessment_emesis,vomiting_amount,TEXT,false,,Vomiting amount.
measurement_fluid_balance_assessment_emesis,source,TEXT,false,,Source system the record originated from.
measurement_fluid_balance_assessment_emesis,dcm_refreshed_date_time,TIMESTAMPTZ,false,,Timestamp of the last data warehouse refresh for this record.
measurement_fluid_balance_assessment_emesis,issue_dt,TIMESTAMPTZ,false,,Timestamp the record was issued/extracted from source.
measurement_fluid_balance_assessment_feces,patient_contact_id,TEXT,true,amc_core.patient_appointment(patient_contact_id),Identifier of the clinical contact/encounter this record belongs to.
measurement_fluid_balance_assessment_feces,measurement_moment,TIMESTAMPTZ,true,,Date/time field: Measurement moment.
measurement_fluid_balance_assessment_feces,pseudo_id,TEXT,false,amc_core.patient_not_traceable(pseudo_id),Pseudonymized patient identifier.
measurement_fluid_balance_assessment_feces,hospital_location,TEXT,false,,Hospital/site location for this record.
measurement_fluid_balance_assessment_feces,meet_time,TIME,false,,Date/time field: Meet time.
measurement_fluid_balance_assessment_feces,meet_date,DATE,false,,Date/time field: Meet date.
measurement_fluid_balance_assessment_feces,incontinence_feces,TEXT,false,,Incontinence feces.
measurement_fluid_balance_assessment_feces,consistency_feces,TEXT,false,,Consistency feces.
measurement_fluid_balance_assessment_feces,consistency_feces_baby,TEXT,false,,Consistency feces baby.
measurement_fluid_balance_assessment_feces,color_feces,TEXT,false,,Color feces.
measurement_fluid_balance_assessment_feces,quantity_feces,TEXT,false,,Quantity feces.
measurement_fluid_balance_assessment_feces,source,TEXT,false,,Source system the record originated from.
measurement_fluid_balance_assessment_feces,dcm_refreshed_date_time,TIMESTAMPTZ,false,,Timestamp of the last data warehouse refresh for this record.
measurement_fluid_balance_assessment_feces,issue_dt,TIMESTAMPTZ,false,,Timestamp the record was issued/extracted from source.
measurement_fluid_balance_out,measurement_moisture_out_id,TEXT,true,,Identifier for the associated measurement moisture out.
measurement_fluid_balance_out,pseudo_id,TEXT,false,amc_core.patient_not_traceable(pseudo_id),Pseudonymized patient identifier.
measurement_fluid_balance_out,patient_contact_id,TEXT,false,amc_core.patient_appointment(patient_contact_id),Identifier of the clinical contact/encounter this record belongs to.
measurement_fluid_balance_out,meet_time,TIME,false,,Date/time field: Meet time.
measurement_fluid_balance_out,meet_date,DATE,false,,Date/time field: Meet date.
measurement_fluid_balance_out,measurement_moment,TIMESTAMPTZ,false,,Date/time field: Measurement moment.
measurement_fluid_balance_out,hospital_location,TEXT,false,,Hospital/site location for this record.
measurement_fluid_balance_out,lda_observation_id,TEXT,false,,Identifier for the associated lda observation.
measurement_fluid_balance_out,lda_description,TEXT,false,,Lda description.
measurement_fluid_balance_out,question_observation_description,TEXT,false,,Question observation description.
measurement_fluid_balance_out,question_observation_code,TEXT,false,,Question observation code.
measurement_fluid_balance_out,value,TEXT,false,,Value.
measurement_fluid_balance_out,unit,TEXT,false,,Unit.
measurement_fluid_balance_out,moisture_out_type,TEXT,false,,Moisture out type.
measurement_fluid_balance_out,moisture_balance_out_type_code,TEXT,false,,Moisture balance out type code.
measurement_fluid_balance_out,source,TEXT,false,,Source system the record originated from.
measurement_fluid_balance_out,dcm_refreshed_date_time,TIMESTAMPTZ,false,,Timestamp of the last data warehouse refresh for this record.
measurement_fluid_balance_out,issue_dt,TIMESTAMPTZ,false,,Timestamp the record was issued/extracted from source.
measurement_fluid_balance_stomach_retention,patient_contact_id,TEXT,true,amc_core.patient_appointment(patient_contact_id),Identifier of the clinical contact/encounter this record belongs to.
measurement_fluid_balance_stomach_retention,measurement_moment,TIMESTAMPTZ,true,,Date/time field: Measurement moment.
measurement_fluid_balance_stomach_retention,pseudo_id,TEXT,false,amc_core.patient_not_traceable(pseudo_id),Pseudonymized patient identifier.
measurement_fluid_balance_stomach_retention,hospital_location,TEXT,false,,Hospital/site location for this record.
measurement_fluid_balance_stomach_retention,meet_time,TIME,false,,Date/time field: Meet time.
measurement_fluid_balance_stomach_retention,meet_date,DATE,false,,Date/time field: Meet date.
measurement_fluid_balance_stomach_retention,stomach_retention_raw,TEXT,false,,"Raw, unparsed text value preserved alongside the cast stomach_retention column."
measurement_fluid_balance_stomach_retention,stomach_retention,NUMERIC,false,,Stomach retention.
measurement_fluid_balance_stomach_retention,assessment_stomach_retention,TEXT,false,,Assessment stomach retention.
measurement_fluid_balance_stomach_retention,air_retention_raw,TEXT,false,,"Raw, unparsed text value preserved alongside the cast air_retention column."
measurement_fluid_balance_stomach_retention,air_retention,NUMERIC,false,,Air retention.
measurement_fluid_balance_stomach_retention,source,TEXT,false,,Source system the record originated from.
measurement_fluid_balance_stomach_retention,dcm_refreshed_date_time,TIMESTAMPTZ,false,,Timestamp of the last data warehouse refresh for this record.
measurement_fluid_balance_stomach_retention,issue_dt,DATE,false,,Timestamp the record was issued/extracted from source.
measurement_fluid_in,measurement_moisture_at_id,TEXT,true,,Identifier for the associated measurement moisture at.
measurement_fluid_in,pseudo_id,TEXT,false,amc_core.patient_not_traceable(pseudo_id),Pseudonymized patient identifier.
measurement_fluid_in,patient_contact_id,TEXT,false,amc_core.patient_appointment(patient_contact_id),Identifier of the clinical contact/encounter this record belongs to.
measurement_fluid_in,meet_time,TIME,false,,Date/time field: Meet time.
measurement_fluid_in,meet_date,DATE,false,,Date/time field: Meet date.
measurement_fluid_in,measurement_moment,TIMESTAMPTZ,false,,Date/time field: Measurement moment.
measurement_fluid_in,hospital_location,TEXT,false,,Hospital/site location for this record.
measurement_fluid_in,lda_observation_id,TEXT,false,,Identifier for the associated lda observation.
measurement_fluid_in,lda_description,TEXT,false,,Lda description.
measurement_fluid_in,question_observation_description,TEXT,false,,Question observation description.
measurement_fluid_in,question_observation_code,TEXT,false,,Question observation code.
measurement_fluid_in,value,TEXT,false,,Value.
measurement_fluid_in,unit,TEXT,false,,Unit.
measurement_fluid_in,moisture_balance_at_type,TEXT,false,,Moisture balance at type.
measurement_fluid_in,source,TEXT,false,,Source system the record originated from.
measurement_fluid_in,dcm_refreshed_date_time,TIMESTAMPTZ,false,,Timestamp of the last data warehouse refresh for this record.
measurement_fluid_in,issue_dt,TIMESTAMPTZ,false,,Timestamp the record was issued/extracted from source.
measurement_heart_frequency,patient_contact_id,TEXT,true,amc_core.patient_appointment(patient_contact_id),Identifier of the clinical contact/encounter this record belongs to.
measurement_heart_frequency,measurement_moment,TIMESTAMPTZ,true,,Date/time field: Measurement moment.
measurement_heart_frequency,heart_rate,NUMERIC,true,,Heart rate.
measurement_heart_frequency,pseudo_id,TEXT,false,amc_core.patient_not_traceable(pseudo_id),Pseudonymized patient identifier.
measurement_heart_frequency,hospital_location,TEXT,false,,Hospital/site location for this record.
measurement_heart_frequency,meet_time,TIME,false,,Date/time field: Meet time.
measurement_heart_frequency,meet_date,DATE,false,,Date/time field: Meet date.
measurement_heart_frequency,unit,TEXT,false,,Unit.
measurement_heart_frequency,source,TEXT,false,,Source system the record originated from.
measurement_heart_frequency,dcm_refreshed_date_time,TIMESTAMPTZ,false,,Timestamp of the last data warehouse refresh for this record.
measurement_heart_frequency,issue_dt,TIMESTAMPTZ,false,,Timestamp the record was issued/extracted from source.
measurement_height,patient_contact_id,TEXT,true,amc_core.patient_appointment(patient_contact_id),Identifier of the clinical contact/encounter this record belongs to.
measurement_height,measurement_moment,TIMESTAMPTZ,true,,Date/time field: Measurement moment.
measurement_height,pseudo_id,TEXT,false,amc_core.patient_not_traceable(pseudo_id),Pseudonymized patient identifier.
measurement_height,hospital_location,TEXT,false,,Hospital/site location for this record.
measurement_height,meet_time,TIME,false,,Date/time field: Meet time.
measurement_height,meet_date,DATE,false,,Date/time field: Meet date.
measurement_height,body_length,NUMERIC,false,,Body length.
measurement_height,unit,TEXT,false,,Unit.
measurement_height,source,TEXT,false,,Source system the record originated from.
measurement_height,dcm_refreshed_date_time,TIMESTAMPTZ,false,,Timestamp of the last data warehouse refresh for this record.
measurement_height,issue_dt,TIMESTAMPTZ,false,,Timestamp the record was issued/extracted from source.
measurement_nephrology_cntv_medication,patient_contact_id,TEXT,true,amc_core.patient_appointment(patient_contact_id),Identifier of the clinical contact/encounter this record belongs to.
measurement_nephrology_cntv_medication,measurement_moment,TIMESTAMPTZ,true,,Date/time field: Measurement moment.
measurement_nephrology_cntv_medication,pseudo_id,TEXT,false,amc_core.patient_not_traceable(pseudo_id),Pseudonymized patient identifier.
measurement_nephrology_cntv_medication,hospital_location,TEXT,false,,Hospital/site location for this record.
measurement_nephrology_cntv_medication,meet_time,TIME,false,,Date/time field: Meet time.
measurement_nephrology_cntv_medication,meet_date,DATE,false,,Date/time field: Meet date.
measurement_nephrology_cntv_medication,citrate_doses_set_raw,TEXT,false,,"Raw, unparsed text value preserved alongside the cast citrate_doses_set column."
measurement_nephrology_cntv_medication,citrate_doses_set,NUMERIC,false,,Citrate doses set.
measurement_nephrology_cntv_medication,citrate_flowrate_raw,TEXT,false,,"Raw, unparsed text value preserved alongside the cast citrate_flowrate column."
measurement_nephrology_cntv_medication,citrate_flowrate,NUMERIC,false,,Citrate flowrate.
measurement_nephrology_cntv_medication,citrate_volume_raw,TEXT,false,,"Raw, unparsed text value preserved alongside the cast citrate_volume column."
measurement_nephrology_cntv_medication,citrate_volume,NUMERIC,false,,Citrate volume.
measurement_nephrology_cntv_medication,calcium_doses_set_raw,TEXT,false,,"Raw, unparsed text value preserved alongside the cast calcium_doses_set column."
measurement_nephrology_cntv_medication,calcium_doses_set,NUMERIC,false,,Calcium doses set.
measurement_nephrology_cntv_medication,calcium_flowrate_raw,TEXT,false,,"Raw, unparsed text value preserved alongside the cast calcium_flowrate column."
measurement_nephrology_cntv_medication,calcium_flowrate,NUMERIC,false,,Calcium flowrate.
measurement_nephrology_cntv_medication,calcium_volume_raw,TEXT,false,,"Raw, unparsed text value preserved alongside the cast calcium_volume column."
measurement_nephrology_cntv_medication,calcium_volume,NUMERIC,false,,Calcium volume.
measurement_nephrology_cntv_medication,anticoagulation_continuousu_volume_total_raw,TEXT,false,,"Raw, unparsed text value preserved alongside the cast anticoagulation_continuousu_volume_total column."
measurement_nephrology_cntv_medication,anticoagulation_continuousu_volume_total,NUMERIC,false,,Anticoagulation continuousu volume total.
measurement_nephrology_cntv_medication,anticoagulation_bolus_volume_total_raw,TEXT,false,,"Raw, unparsed text value preserved alongside the cast anticoagulation_bolus_volume_total column."
measurement_nephrology_cntv_medication,anticoagulation_bolus_volume_total,NUMERIC,false,,Anticoagulation bolus volume total.
measurement_nephrology_cntv_medication,source,TEXT,false,,Source system the record originated from.
measurement_nephrology_cntv_medication,dcm_refreshed_date_time,TIMESTAMPTZ,false,,Timestamp of the last data warehouse refresh for this record.
measurement_nephrology_cntv_medication,issue_dt,TIMESTAMPTZ,false,,Timestamp the record was issued/extracted from source.
measurement_nephrology_cnvt_settings,patient_contact_id,TEXT,true,amc_core.patient_appointment(patient_contact_id),Identifier of the clinical contact/encounter this record belongs to.
measurement_nephrology_cnvt_settings,measurement_moment,TIMESTAMPTZ,true,,Date/time field: Measurement moment.
measurement_nephrology_cnvt_settings,pseudo_id,TEXT,false,amc_core.patient_not_traceable(pseudo_id),Pseudonymized patient identifier.
measurement_nephrology_cnvt_settings,hospital_location,TEXT,false,,Hospital/site location for this record.
measurement_nephrology_cnvt_settings,meet_time,TIME,false,,Date/time field: Meet time.
measurement_nephrology_cnvt_settings,meet_date,DATE,false,,Date/time field: Meet date.
measurement_nephrology_cnvt_settings,treatment_type,TEXT,false,,Treatment type.
measurement_nephrology_cnvt_settings,treatment_status,TEXT,false,,Treatment status.
measurement_nephrology_cnvt_settings,substitution_fluid,TEXT,false,,Substitution fluid.
measurement_nephrology_cnvt_settings,substitution_fluid_additives,TEXT,false,,Substitution fluid additives.
measurement_nephrology_cnvt_settings,dialysate_fluid,TEXT,false,,Dialysate fluid.
measurement_nephrology_cnvt_settings,dialysate_fluid_additives,TEXT,false,,Dialysate fluid additives.
measurement_nephrology_cnvt_settings,filter_type,TEXT,false,,Filter type.
measurement_nephrology_cnvt_settings,bloodflow_mlmin,NUMERIC,false,,Bloodflow mlmin.
measurement_nephrology_cnvt_settings,dialysate_flow,NUMERIC,false,,Dialysate flow.
measurement_nephrology_cnvt_settings,uf_volume_current_set,NUMERIC,false,,Uf volume current set.
measurement_nephrology_cnvt_settings,target_uf_volume_ml,NUMERIC,false,,Target uf volume mL.
measurement_nephrology_cnvt_settings,predilution_flow_rate,NUMERIC,false,,Predilution flow rate.
measurement_nephrology_cnvt_settings,postdilution_flow_rate,NUMERIC,false,,Postdilution flow rate.
measurement_nephrology_cnvt_settings,liquid_dialysate_temp,NUMERIC,false,,Liquid dialysate temp.
measurement_nephrology_cnvt_settings,reason_discontinuation,TEXT,false,,Reason discontinuation.
measurement_nephrology_cnvt_settings,source,TEXT,false,,Source system the record originated from.
measurement_nephrology_cnvt_settings,dcm_refreshed_date_time,TIMESTAMPTZ,false,,Timestamp of the last data warehouse refresh for this record.
measurement_nephrology_cnvt_settings,issue_dt,TIMESTAMPTZ,false,,Timestamp the record was issued/extracted from source.
measurement_nephrology_hemodialysis,patient_contact_id,TEXT,true,amc_core.patient_appointment(patient_contact_id),Identifier of the clinical contact/encounter this record belongs to.
measurement_nephrology_hemodialysis,measurement_moment,TIMESTAMPTZ,true,,Date/time field: Measurement moment.
measurement_nephrology_hemodialysis,pseudo_id,TEXT,false,amc_core.patient_not_traceable(pseudo_id),Pseudonymized patient identifier.
measurement_nephrology_hemodialysis,hospital_location,TEXT,false,,Hospital/site location for this record.
measurement_nephrology_hemodialysis,meet_time,TIME,false,,Date/time field: Meet time.
measurement_nephrology_hemodialysis,meet_date,DATE,false,,Date/time field: Meet date.
measurement_nephrology_hemodialysis,hemodialysis_output_ml,NUMERIC,false,,Hemodialysis output mL.
measurement_nephrology_hemodialysis,source,TEXT,false,,Source system the record originated from.
measurement_nephrology_hemodialysis,dcm_refreshed_date_time,TIMESTAMPTZ,false,,Timestamp of the last data warehouse refresh for this record.
measurement_nephrology_hemodialysis,issue_dt,TIMESTAMPTZ,false,,Timestamp the record was issued/extracted from source.
measurement_nephrology_peritoneal_dialysis,patient_contact_id,TEXT,true,amc_core.patient_appointment(patient_contact_id),Identifier of the clinical contact/encounter this record belongs to.
measurement_nephrology_peritoneal_dialysis,measurement_moment,TIMESTAMPTZ,true,,Date/time field: Measurement moment.
measurement_nephrology_peritoneal_dialysis,pseudo_id,TEXT,false,amc_core.patient_not_traceable(pseudo_id),Pseudonymized patient identifier.
measurement_nephrology_peritoneal_dialysis,hospital_location,TEXT,false,,Hospital/site location for this record.
measurement_nephrology_peritoneal_dialysis,meet_time,TIME,false,,Date/time field: Meet time.
measurement_nephrology_peritoneal_dialysis,meet_date,DATE,false,,Date/time field: Meet date.
measurement_nephrology_peritoneal_dialysis,choice_flush,TEXT,false,,Choice flush.
measurement_nephrology_peritoneal_dialysis,liquid,TEXT,false,,Liquid.
measurement_nephrology_peritoneal_dialysis,additions,TEXT,false,,Additions.
measurement_nephrology_peritoneal_dialysis,antibiotics,TEXT,false,,Antibiotics.
measurement_nephrology_peritoneal_dialysis,status,TEXT,false,,Status.
measurement_nephrology_peritoneal_dialysis,cycle,TEXT,false,,Cycle.
measurement_nephrology_peritoneal_dialysis,totalvolume_treatment,NUMERIC,false,,Totalvolume treatment.
measurement_nephrology_peritoneal_dialysis,volume_in_ml_old,NUMERIC,false,,Volume in mL old.
measurement_nephrology_peritoneal_dialysis,volume_in_ml,NUMERIC,false,,Volume in mL.
measurement_nephrology_peritoneal_dialysis,dwell_time,NUMERIC,false,,Date/time field: Dwell time.
measurement_nephrology_peritoneal_dialysis,volume_out_ml_old,NUMERIC,false,,Volume out mL old.
measurement_nephrology_peritoneal_dialysis,volume_out_ml,NUMERIC,false,,Volume out mL.
measurement_nephrology_peritoneal_dialysis,balance_this_treatment_ml,NUMERIC,false,,Balance this treatment mL.
measurement_nephrology_peritoneal_dialysis,leakage,TEXT,false,,Leakage.
measurement_nephrology_peritoneal_dialysis,dialysate_aspect,TEXT,false,,Dialysate aspect.
measurement_nephrology_peritoneal_dialysis,source,TEXT,false,,Source system the record originated from.
measurement_nephrology_peritoneal_dialysis,dcm_refreshed_date_time,TIMESTAMPTZ,false,,Timestamp of the last data warehouse refresh for this record.
measurement_nephrology_peritoneal_dialysis,issue_dt,TIMESTAMPTZ,false,,Timestamp the record was issued/extracted from source.
measurement_o2_saturation,patient_contact_id,TEXT,true,amc_core.patient_appointment(patient_contact_id),Identifier of the clinical contact/encounter this record belongs to.
measurement_o2_saturation,measurement_moment,TIMESTAMPTZ,true,,Date/time field: Measurement moment.
measurement_o2_saturation,o2saturation,NUMERIC,true,,O2saturation.
measurement_o2_saturation,pseudo_id,TEXT,false,amc_core.patient_not_traceable(pseudo_id),Pseudonymized patient identifier.
measurement_o2_saturation,hospital_location,TEXT,false,,Hospital/site location for this record.
measurement_o2_saturation,meet_time,TIME,false,,Date/time field: Meet time.
measurement_o2_saturation,meet_date,DATE,false,,Date/time field: Meet date.
measurement_o2_saturation,source,TEXT,false,,Source system the record originated from.
measurement_o2_saturation,dcm_refreshed_date_time,TIMESTAMPTZ,false,,Timestamp of the last data warehouse refresh for this record.
measurement_o2_saturation,issue_dt,TIMESTAMPTZ,false,,Timestamp the record was issued/extracted from source.
measurement_snaq_score,patient_contact_id,TEXT,true,amc_core.patient_appointment(patient_contact_id),Identifier of the clinical contact/encounter this record belongs to.
measurement_snaq_score,measurement_moment,TIMESTAMPTZ,true,,Date/time field: Measurement moment.
measurement_snaq_score,pseudo_id,TEXT,false,amc_core.patient_not_traceable(pseudo_id),Pseudonymized patient identifier.
measurement_snaq_score,hospital_location,TEXT,false,,Hospital/site location for this record.
measurement_snaq_score,meet_time,TIME,false,,Date/time field: Meet time.
measurement_snaq_score,meet_date,DATE,false,,Date/time field: Meet date.
measurement_snaq_score,score,NUMERIC,false,,Score.
measurement_snaq_score,unintentional_weightloss,TEXT,false,,Unintentional weightloss.
measurement_snaq_score,reduced_appetite,TEXT,false,,Reduced appetite.
measurement_snaq_score,drink_probe_feeding,TEXT,false,,Drink probe feeding.
measurement_snaq_score,source,TEXT,false,,Source system the record originated from.
measurement_snaq_score,dcm_refreshed_date_time,TIMESTAMPTZ,false,,Timestamp of the last data warehouse refresh for this record.
measurement_snaq_score,issue_dt,TIMESTAMPTZ,false,,Timestamp the record was issued/extracted from source.
measurement_vital_signs_data,measurement_vital_signs_data_id,BIGSERIAL,true,,Identifier for the associated measurement vital signs data.
measurement_vital_signs_data,pseudo_id,TEXT,false,amc_core.patient_not_traceable(pseudo_id),Pseudonymized patient identifier.
measurement_vital_signs_data,patient_contact_id,TEXT,false,amc_core.patient_appointment(patient_contact_id),Identifier of the clinical contact/encounter this record belongs to.
measurement_vital_signs_data,hospital_location,TEXT,false,,Hospital/site location for this record.
measurement_vital_signs_data,meet_time,TIME,false,,Date/time field: Meet time.
measurement_vital_signs_data,meet_date,DATE,false,,Date/time field: Meet date.
measurement_vital_signs_data,measurement_moment,TIMESTAMPTZ,false,,Date/time field: Measurement moment.
measurement_vital_signs_data,vital_data_length,NUMERIC,false,,Vital data length.
measurement_vital_signs_data,vital_data_weight,NUMERIC,false,,Vital data weight.
measurement_vital_signs_data,vital_data_bmi_calculation_raw,TEXT,false,,"Raw, unparsed text value preserved alongside the cast vital_data_bmi_calculation column."
measurement_vital_signs_data,vital_data_bmi_calculation,NUMERIC,false,,Vital data BMI calculation.
measurement_vital_signs_data,vital_data_pulse_rate_raw,TEXT,false,,"Raw, unparsed text value preserved alongside the cast vital_data_pulse_rate column."
measurement_vital_signs_data,vital_data_pulse_rate,NUMERIC,false,,Vital data pulse rate.
measurement_vital_signs_data,vital_data_blood_pressure_sys_dia,TEXT,false,,Vital data blood pressure sys dia.
measurement_vital_signs_data,vital_data_temperature,NUMERIC,false,,Vital data temperature.
measurement_vital_signs_data,source,TEXT,false,,Source system the record originated from.
measurement_vital_signs_data,dcm_refreshed_date_time,TIMESTAMPTZ,false,,Timestamp of the last data warehouse refresh for this record.
measurement_vital_signs_data,issue_dt,TIMESTAMPTZ,false,,Timestamp the record was issued/extracted from source.
measurement_weight,patient_contact_id,TEXT,true,amc_core.patient_appointment(patient_contact_id),Identifier of the clinical contact/encounter this record belongs to.
measurement_weight,measurement_moment,TIMESTAMPTZ,true,,Date/time field: Measurement moment.
measurement_weight,pseudo_id,TEXT,false,amc_core.patient_not_traceable(pseudo_id),Pseudonymized patient identifier.
measurement_weight,hospital_location,TEXT,false,,Hospital/site location for this record.
measurement_weight,meet_time,TIME,false,,Date/time field: Meet time.
measurement_weight,meet_date,DATE,false,,Date/time field: Meet date.
measurement_weight,body_weight,NUMERIC,false,,Body weight.
measurement_weight,unit,TEXT,false,,Unit.
measurement_weight,source,TEXT,false,,Source system the record originated from.
measurement_weight,dcm_refreshed_date_time,TIMESTAMPTZ,false,,Timestamp of the last data warehouse refresh for this record.
measurement_weight,issue_dt,TIMESTAMPTZ,false,,Timestamp the record was issued/extracted from source.
medical_diagnosis,medical_diagnosis_id,BIGSERIAL,true,,Identifier for the associated medical diagnosis.
medical_diagnosis,pseudo_id,TEXT,false,amc_core.patient_not_traceable(pseudo_id),Pseudonymized patient identifier.
medical_diagnosis,patient_contact_id,TEXT,false,amc_core.patient_appointment(patient_contact_id),Identifier of the clinical contact/encounter this record belongs to.
medical_diagnosis,hospital_location,TEXT,false,,Hospital/site location for this record.
medical_diagnosis,diagnosis_contact_date,DATE,false,,Date/time field: Diagnosis contact date.
medical_diagnosis,diagnosis_registration_moment,TIMESTAMPTZ,false,,Date/time field: Diagnosis registration moment.
medical_diagnosis,diagnosis_code,TEXT,false,,Diagnosis code.
medical_diagnosis,diagnosis_category,TEXT,false,,Diagnosis category.
medical_diagnosis,diagnosis_description,TEXT,false,,Diagnosis description.
medical_diagnosis,diagnosis_type,TEXT,false,,Diagnosis type.
medical_diagnosis,clinical_outpatient,TEXT,false,,Clinical outpatient.
medical_diagnosis,specialty,TEXT,false,,Specialty.
medical_diagnosis,is_complication,TEXT,false,,Flag: Complication.
medical_diagnosis,source,TEXT,false,,Source system the record originated from.
medical_diagnosis,dcm_refreshed_date_time,TIMESTAMPTZ,false,,Timestamp of the last data warehouse refresh for this record.
medical_diagnosis,issue_dt,TIMESTAMPTZ,false,,Timestamp the record was issued/extracted from source.
medical_history,medical_history_id,BIGSERIAL,true,,Identifier for the associated medical history.
medical_history,pseudo_id,TEXT,false,amc_core.patient_not_traceable(pseudo_id),Pseudonymized patient identifier.
medical_history,patient_contact_id,TEXT,false,amc_core.patient_appointment(patient_contact_id),Identifier of the clinical contact/encounter this record belongs to.
medical_history,hospital_location,TEXT,false,,Hospital/site location for this record.
medical_history,registration_date,DATE,false,,Date/time field: Registration date.
medical_history,diagnosis_category,TEXT,false,,Diagnosis category.
medical_history,diagnosis_code,TEXT,false,,Diagnosis code.
medical_history,diagnosis_description,TEXT,false,,Diagnosis description.
medical_history,indication_determination_date_raw,TEXT,false,,Date/time field: Indication determination date raw.
medical_history,indication_determination_date,DATE,false,,Date/time field: Indication determination date.
medical_history,history_explanation,TEXT,false,,History explanation.
medical_history,history_annotation,TEXT,false,,History annotation.
medical_history,anamnese_source,TEXT,false,,Anamnese source.
medical_history,source,TEXT,false,,Source system the record originated from.
medical_history,dcm_refreshed_date_time,TIMESTAMPTZ,false,,Timestamp of the last data warehouse refresh for this record.
medical_history,issue_dt,TIMESTAMPTZ,false,,Timestamp the record was issued/extracted from source.
medication_administration,medication_administration_id,BIGSERIAL,true,,Identifier for the associated medication administration.
medication_administration,pseudo_id,TEXT,false,amc_core.patient_not_traceable(pseudo_id),Pseudonymized patient identifier.
medication_administration,rule_id,TEXT,false,amc_core.medication_prescription(rule_id),Identifier for the associated rule.
medication_administration,patient_contact_id,TEXT,false,amc_core.patient_appointment(patient_contact_id),Identifier of the clinical contact/encounter this record belongs to.
medication_administration,admission_traject_id,TEXT,false,amc_core.admission_traject(admission_traject_id),Identifier for the associated admission traject.
medication_administration,administration_date_time,TIMESTAMPTZ,false,,Date/time field: Administration date time.
medication_administration,administration_date,DATE,false,,Date/time field: Administration date.
medication_administration,administration_time,TIME,false,,Date/time field: Administration time.
medication_administration,administration_status,TEXT,false,,Administration status.
medication_administration,walk_in,TEXT,false,,Walk in.
medication_administration,walk_in_rate_unit,TEXT,false,,Walk in rate unit.
medication_administration,number_submitted_pieces,NUMERIC,false,,Number submitted pieces.
medication_administration,administered_amount,NUMERIC,false,,Administered amount.
medication_administration,administered_quantity_unit,TEXT,false,,Administered quantity unit.
medication_administration,administration_route,TEXT,false,,Administration route.
medication_administration,medication_article_name,TEXT,false,,Medication article name.
medication_administration,medication_substance_name,TEXT,false,,Medication substance name.
medication_administration,medication_generic_name,TEXT,false,,Medication generic name.
medication_administration,ingredient_type_name,TEXT,false,,Ingredient type name.
medication_administration,atc_code,TEXT,false,amc_core.medication_atc(atc_code),ATC (drug classification) code.
medication_administration,atc_name,TEXT,false,,ATC (drug classification) name.
medication_administration,pharmaceutical_class,TEXT,false,,Pharmaceutical class.
medication_administration,pharmaceutical_subclass,TEXT,false,,Pharmaceutical subclass.
medication_administration,therapeutic_class,TEXT,false,,Therapeutic class.
medication_administration,medication_strength,TEXT,false,,Medication strength.
medication_administration,medication_strength_dosage,TEXT,false,,Medication strength dosage.
medication_administration,medication_strength_unit,TEXT,false,,Medication strength unit.
medication_administration,workplace,TEXT,false,,Workplace.
medication_administration,hospital_location,TEXT,false,,Hospital/site location for this record.
medication_administration,administration_reason,TEXT,false,,Administration reason.
medication_administration,medication_remark,TEXT,false,,Medication remark.
medication_administration,source,TEXT,false,,Source system the record originated from.
medication_administration,dcm_refreshed_date_time,TIMESTAMPTZ,false,,Timestamp of the last data warehouse refresh for this record.
medication_administration,issue_dt,DATE,false,,Timestamp the record was issued/extracted from source.
medication_administration,corrected_administration_date,DATE,false,,Corrected administration date; future/implausible values set to NULL.
medication_administration,corrected_administration_date_time,TIMESTAMPTZ,false,,Corrected administration date/time; future/implausible values set to NULL.
medication_administration,ongoing_medication_administration,BOOLEAN,false,,Quality flag: 1 if administration_date is in the future (implausible at extraction time).
medication_atc,atc_code,TEXT,true,,ATC (drug classification) code.
medication_atc,atc_name,TEXT,false,,ATC (drug classification) name.
medication_atc,atc_label,TEXT,false,,ATC (drug classification) label.
medication_atc,atc_name_niv1,TEXT,false,,ATC (drug classification) name niv1.
medication_atc,atc_code_niv1,TEXT,false,,ATC (drug classification) code niv1.
medication_atc,atc_name_niv2,TEXT,false,,ATC (drug classification) name niv2.
medication_atc,atc_code_niv2,TEXT,false,,ATC (drug classification) code niv2.
medication_atc,atc_name_niv3,TEXT,false,,ATC (drug classification) name niv3.
medication_atc,atc_code_niv3,TEXT,false,,ATC (drug classification) code niv3.
medication_atc,atc_name_niv4,TEXT,false,,ATC (drug classification) name niv4.
medication_atc,atc_code_niv4,TEXT,false,,ATC (drug classification) code niv4.
medication_atc,atc_name_niv5,TEXT,false,,ATC (drug classification) name niv5.
medication_atc,atc_code_niv5,TEXT,false,,ATC (drug classification) code niv5.
medication_atc,source,TEXT,false,,Source system the record originated from.
medication_atc,dcm_refreshed_date_time,TIMESTAMPTZ,false,,Timestamp of the last data warehouse refresh for this record.
medication_atc,issue_dt,DATE,false,,Timestamp the record was issued/extracted from source.
medication_prescription,rule_id,TEXT,true,,Identifier for the associated rule.
medication_prescription,pseudo_id,TEXT,false,amc_core.patient_not_traceable(pseudo_id),Pseudonymized patient identifier.
medication_prescription,patient_contact_id,TEXT,false,amc_core.patient_appointment(patient_contact_id),Identifier of the clinical contact/encounter this record belongs to.
medication_prescription,hospital_location,TEXT,false,,Hospital/site location for this record.
medication_prescription,specialty_description,TEXT,false,,Specialty description.
medication_prescription,sub_specialty_description,TEXT,false,,Sub specialty description.
medication_prescription,prescription_date_time,TIMESTAMPTZ,false,,Date/time field: Prescription date time.
medication_prescription,prescription_date,DATE,false,,Date/time field: Prescription date.
medication_prescription,prescription_time,TIME,false,,Date/time field: Prescription time.
medication_prescription,start_date_time,TIMESTAMPTZ,false,,Date/time field: Start date time.
medication_prescription,start_date,DATE,false,,Date/time field: Start date.
medication_prescription,start_time,TIME,false,,Date/time field: Start time.
medication_prescription,stop_date_time,TIMESTAMPTZ,false,,Date/time field: Stop date time.
medication_prescription,stop_date,DATE,false,,Date/time field: Stop date.
medication_prescription,stop_time,TIME,false,,Date/time field: Stop time.
medication_prescription,workplace_description,TEXT,false,,Workplace description.
medication_prescription,medication_article_name,TEXT,false,,Medication article name.
medication_prescription,medication_generic_name,TEXT,false,,Medication generic name.
medication_prescription,medication_substance_name,TEXT,false,,Medication substance name.
medication_prescription,pharmaceutical_class,TEXT,false,,Pharmaceutical class.
medication_prescription,pharmaceutical_subclass,TEXT,false,,Pharmaceutical subclass.
medication_prescription,therapeutic_class,TEXT,false,,Therapeutic class.
medication_prescription,order_class_description,TEXT,false,,Order class description.
medication_prescription,order_status,TEXT,false,,Order status.
medication_prescription,order_description,TEXT,false,,Order description.
medication_prescription,previous_prescription_id,TEXT,false,amc_core.medication_prescription(rule_id),Identifier for the associated previous prescription.
medication_prescription,clinical_outpatient,TEXT,false,,Clinical outpatient.
medication_prescription,atc_code,TEXT,false,amc_core.medication_atc(atc_code),ATC (drug classification) code.
medication_prescription,atc_name,TEXT,false,,ATC (drug classification) name.
medication_prescription,medication_frequency_description,TEXT,false,,Medication frequency description.
medication_prescription,administration_route,TEXT,false,,Administration route.
medication_prescription,dosage_prescribed_unit_description,TEXT,false,,Dosage prescribed unit description.
medication_prescription,dosage_prescribed_min,NUMERIC,false,,Dosage prescribed min.
medication_prescription,dosage_prescribed_max,NUMERIC,false,,Dosage prescribed max.
medication_prescription,dosage_calculated_unit_description,TEXT,false,,Dosage calculated unit description.
medication_prescription,dosage_calculated_min,NUMERIC,false,,Dosage calculated min.
medication_prescription,dosage_calculated_max,NUMERIC,false,,Dosage calculated max.
medication_prescription,dosage_calculation_information,TEXT,false,,Dosage calculation information.
medication_prescription,volume,NUMERIC,false,,Volume.
medication_prescription,weight_patient_kg,NUMERIC,false,,Weight patient kg.
medication_prescription,source,TEXT,false,,Source system the record originated from.
medication_prescription,dcm_refreshed_date_time,TIMESTAMPTZ,false,,Timestamp of the last data warehouse refresh for this record.
medication_prescription,issue_dt,DATE,false,,Timestamp the record was issued/extracted from source.
medication_prescription,ongoing_medication,BOOLEAN,false,,"Quality flag: 1 if stop_date is implausibly far in the future (>2026), indicating an ongoing/open prescription."
medication_prescription,corrected_stop_date,DATE,false,,Corrected prescription stop date; implausible future values set to NULL.
medication_prescription,corrected_stop_time,TIME,false,,Corrected prescription stop time; implausible future values set to NULL.
medication_prescription,corrected_stop_date_time,TIMESTAMPTZ,false,,Corrected prescription stop date/time; implausible future values set to NULL.
ok_procedure_performed,ok_procedure_performed_id,BIGSERIAL,true,,Identifier for the associated operating room procedure performed.
ok_procedure_performed,pseudo_id,TEXT,false,amc_core.patient_not_traceable(pseudo_id),Pseudonymized patient identifier.
ok_procedure_performed,ok_session_number,TEXT,false,,Operating room session number.
ok_procedure_performed,session_start_date,DATE,false,,Date/time field: Session start date.
ok_procedure_performed,session_start_date_time,TIMESTAMPTZ,false,,Date/time field: Session start date time.
ok_procedure_performed,intervention_executed_date,DATE,false,,Date/time field: Intervention executed date.
ok_procedure_performed,session_ok_specialty,TEXT,false,,Session operating room specialty.
ok_procedure_performed,session_specialism,TEXT,false,,Session specialism.
ok_procedure_performed,ok_room,TEXT,false,,Operating room room.
ok_procedure_performed,ok_location,TEXT,false,,Operating room location.
ok_procedure_performed,ok_chief_location,TEXT,false,,Operating room chief location.
ok_procedure_performed,hospital_location,TEXT,false,,Hospital/site location for this record.
ok_procedure_performed,chief_operator_panel_specialty,TEXT,false,,Chief operator panel specialty.
ok_procedure_performed,chief_operator_panel_subspecialty,TEXT,false,,Chief operator panel subspecialty.
ok_procedure_performed,chief_operator_panel_ok_specialty,TEXT,false,,Chief operator panel operating room specialty.
ok_procedure_performed,intervention,TEXT,false,,Intervention.
ok_procedure_performed,care_activity,TEXT,false,,Care activity.
ok_procedure_performed,is_chief_intervention,TEXT,false,,Flag: Chief intervention.
ok_procedure_performed,laterality,TEXT,false,,Laterality.
ok_procedure_performed,panel,TEXT,false,,Panel.
ok_procedure_performed,age_in_years_at_moment_of_session,NUMERIC,false,,Age in years at moment of session.
ok_procedure_performed,child_age_in_weeks_at_moment_of_session_raw,TEXT,false,,"Raw, unparsed text value preserved alongside the cast child_age_in_weeks_at_moment_of_session column."
ok_procedure_performed,child_age_in_weeks_at_moment_of_session,NUMERIC,false,,Child age in weeks at moment of session.
ok_procedure_performed,dbc_diagnosis,TEXT,false,,Diagnosis-treatment combination diagnosis.
ok_procedure_performed,care_traject_description,TEXT,false,,Care traject description.
ok_procedure_performed,subtraject_id,TEXT,false,,Identifier for the associated subtraject.
ok_procedure_performed,subtrajects_ids,TEXT,false,,Subtrajects ids.
ok_procedure_performed,care_traject_id,TEXT,false,,Identifier for the associated care traject.
ok_procedure_performed,number_ok_interventions_performed,NUMERIC,false,,Number operating room interventions performed.
ok_procedure_performed,source,TEXT,false,,Source system the record originated from.
ok_procedure_performed,dcm_refreshed_date_time,TIMESTAMPTZ,false,,Timestamp of the last data warehouse refresh for this record.
ok_procedure_performed,issue_dt,TIMESTAMPTZ,false,,Timestamp the record was issued/extracted from source.
ok_procedure_performed,probable_contact_id,TEXT,false,,Contact ID inferred via date-range linkage repair (05_linkage_repair) when the source data had no direct contact match.
ok_procedure_performed,probable_partial_traject_id,TEXT,false,,Partial-traject ID inferred via date-range linkage repair (05_linkage_repair) when the source data had no direct contact match.
ok_procedure_planned,ok_procedure_planned_id,BIGSERIAL,true,,Identifier for the associated operating room procedure planned.
ok_procedure_planned,pseudo_id,TEXT,false,amc_core.patient_not_traceable(pseudo_id),Pseudonymized patient identifier.
ok_procedure_planned,ok_session_number,TEXT,false,,Operating room session number.
ok_procedure_planned,session_planned_start_date,DATE,false,,Date/time field: Session planned start date.
ok_procedure_planned,chief_operator_panel_specialty,TEXT,false,,Chief operator panel specialty.
ok_procedure_planned,chief_operator_panel_subspecialty,TEXT,false,,Chief operator panel subspecialty.
ok_procedure_planned,chief_operator_panel_ok_specialty,TEXT,false,,Chief operator panel operating room specialty.
ok_procedure_planned,session_specialism,TEXT,false,,Session specialism.
ok_procedure_planned,session_subspecialty,TEXT,false,,Session subspecialty.
ok_procedure_planned,session_ok_specialty,TEXT,false,,Session operating room specialty.
ok_procedure_planned,session_ok_plan_status,TEXT,false,,Session operating room plan status.
ok_procedure_planned,ok_anesthesia_type,TEXT,false,,Operating room anesthesia type.
ok_procedure_planned,ok_room,TEXT,false,,Operating room room.
ok_procedure_planned,ok_location,TEXT,false,,Operating room location.
ok_procedure_planned,ok_chief_location,TEXT,false,,Operating room chief location.
ok_procedure_planned,hospital_location,TEXT,false,,Hospital/site location for this record.
ok_procedure_planned,intervention,TEXT,false,,Intervention.
ok_procedure_planned,intervention_code,TEXT,false,,Intervention code.
ok_procedure_planned,laterality,TEXT,false,,Laterality.
ok_procedure_planned,panel,TEXT,false,,Panel.
ok_procedure_planned,age_in_years_at_moment_of_session,NUMERIC,false,,Age in years at moment of session.
ok_procedure_planned,child_age_in_weeks_at_moment_of_session_raw,TEXT,false,,"Raw, unparsed text value preserved alongside the cast child_age_in_weeks_at_moment_of_session column."
ok_procedure_planned,child_age_in_weeks_at_moment_of_session,NUMERIC,false,,Child age in weeks at moment of session.
ok_procedure_planned,is_patient_deceased,TEXT,false,,Flag: Patient deceased.
ok_procedure_planned,care_traject_description,TEXT,false,,Care traject description.
ok_procedure_planned,dbc_diagnosis,TEXT,false,,Diagnosis-treatment combination diagnosis.
ok_procedure_planned,lowest_subtraject_id,TEXT,false,,Identifier for the associated lowest subtraject.
ok_procedure_planned,subtrajects_ids,TEXT,false,,Subtrajects ids.
ok_procedure_planned,care_traject_id,TEXT,false,,Identifier for the associated care traject.
ok_procedure_planned,scheduled_time_minutes,NUMERIC,false,,Scheduled time minutes.
ok_procedure_planned,source,TEXT,false,,Source system the record originated from.
ok_procedure_planned,dcm_refreshed_date_time,TIMESTAMPTZ,false,,Timestamp of the last data warehouse refresh for this record.
ok_procedure_planned,issue_dt,TIMESTAMPTZ,false,,Timestamp the record was issued/extracted from source.
ok_procedure_planned,probable_contact_id,TEXT,false,,Contact ID inferred via date-range linkage repair (05_linkage_repair) when the source data had no direct contact match.
ok_procedure_planned,probable_partial_traject_id,TEXT,false,,Partial-traject ID inferred via date-range linkage repair (05_linkage_repair) when the source data had no direct contact match.
patient_appointment,pseudo_id,TEXT,false,amc_core.patient_not_traceable(pseudo_id),Pseudonymized patient identifier.
patient_appointment,patient_contact_id,TEXT,true,,Identifier of the clinical contact/encounter this record belongs to.
patient_appointment,age_in_years_at_moment_appointment_raw,TEXT,false,,"Raw, unparsed text value preserved alongside the cast age_in_years_at_moment_appointment column."
patient_appointment,age_in_years_at_moment_appointment,INTEGER,false,,Age in years at moment appointment.
patient_appointment,child_age_in_weeks_at_moment_appointment,TEXT,false,,Child age in weeks at moment appointment.
patient_appointment,appointment_made_at_date_time,TIMESTAMPTZ,false,,Date/time field: Appointment made at date time.
patient_appointment,appointment_date,DATE,false,,Date/time field: Appointment date.
patient_appointment,appointment_time,TIME,false,,Date/time field: Appointment time.
patient_appointment,daily,TEXT,false,,Daily.
patient_appointment,office_hours,TEXT,false,,Office hours.
patient_appointment,appointment_start_moment,TIMESTAMPTZ,false,,Date/time field: Appointment start moment.
patient_appointment,appointment_end_moment,TIMESTAMPTZ,false,,Date/time field: Appointment end moment.
patient_appointment,patient_contact_type,TEXT,false,,Patient contact type.
patient_appointment,appointment_form_level1,TEXT,false,,Appointment form level1.
patient_appointment,appointment_form_level2,TEXT,false,,Appointment form level2.
patient_appointment,is_new_patient,TEXT,false,,Flag: New patient.
patient_appointment,appointment_agenda_template,TEXT,false,,Appointment agenda template.
patient_appointment,appointment_agenda_template_type,TEXT,false,,Appointment agenda template type.
patient_appointment,appointment_agenda_template_abbreviation,TEXT,false,,Appointment agenda template abbreviation.
patient_appointment,appointment_status,TEXT,false,,Appointment status.
patient_appointment,appointment_relocated_to_patient_contact_id,TEXT,false,,Identifier for the associated appointment relocated to patient contact.
patient_appointment,appointment_name,TEXT,false,,Appointment name.
patient_appointment,appointment_name_code,TEXT,false,,Appointment name code.
patient_appointment,appointment_name_abbreviation,TEXT,false,,Appointment name abbreviation.
patient_appointment,appointment_cancellation_applicant,TEXT,false,,Appointment cancellation applicant.
patient_appointment,appointment_cancellation_reason,TEXT,false,,Appointment cancellation reason.
patient_appointment,appointment_cancellation_reason_type,TEXT,false,,Appointment cancellation reason type.
patient_appointment,appointment_cancellation_term,TEXT,false,,Appointment cancellation term.
patient_appointment,cancellation_to_appointment_days,NUMERIC,false,,Cancellation to appointment days.
patient_appointment,cancellation_to_appointment_hours,NUMERIC,false,,Cancellation to appointment hours.
patient_appointment,executive_caregiver_type,TEXT,false,,Executive caregiver type.
patient_appointment,caregiver_internal_yes_no,TEXT,false,,Caregiver internal yes no.
patient_appointment,executive_specialty,TEXT,false,,Executive specialty.
patient_appointment,executive_workplace,TEXT,false,,Executive workplace.
patient_appointment,waiting_room,TEXT,false,,Waiting room.
patient_appointment,is_outpatient,TEXT,false,,Flag: Outpatient.
patient_appointment,hospital_location,TEXT,false,,Hospital/site location for this record.
patient_appointment,order_id,TEXT,false,,Identifier for the associated order.
patient_appointment,order_type,TEXT,false,,Order type.
patient_appointment,order_class,TEXT,false,,Order class.
patient_appointment,order_assignment,TEXT,false,,Order assignment.
patient_appointment,order_assignment_code,TEXT,false,,Order assignment code.
patient_appointment,order_date,DATE,false,,Date/time field: Order date.
patient_appointment,order_time,TIME,false,,Date/time field: Order time.
patient_appointment,access_time_order_to_plans_level1,TEXT,false,,Access time order to plans level1.
patient_appointment,access_time_order_to_plans_level2,TEXT,false,,Access time order to plans level2.
patient_appointment,order_to_plans_days,NUMERIC,false,,Order to plans days.
patient_appointment,order_to_plans_hours,NUMERIC,false,,Order to plans hours.
patient_appointment,referring_caregiver_type,TEXT,false,,Referring caregiver type.
patient_appointment,referring_caregiver_internal_yes_no,TEXT,false,,Referring caregiver internal yes no.
patient_appointment,referring_specialty,TEXT,false,,Referring specialty.
patient_appointment,referring_healthcare_institution,TEXT,false,,Referring healthcare institution.
patient_appointment,is_multidisciplinary_appointment,TEXT,false,,Flag: Multidisciplinary appointment.
patient_appointment,access_time_schedule_to_appointment_level,TEXT,false,,Access time schedule to appointment level.
patient_appointment,schedule_to_appointment_hours,NUMERIC,false,,Schedule to appointment hours.
patient_appointment,schedule_to_appointment_days,NUMERIC,false,,Schedule to appointment days.
patient_appointment,requesting_workplace,TEXT,false,,Requesting workplace.
patient_appointment,appointment_realized_duration_hours,NUMERIC,false,,Appointment realized duration hours.
patient_appointment,appointment_realized_duration_minutes,NUMERIC,false,,Appointment realized duration minutes.
patient_appointment,appointment_standard_duration_hours,NUMERIC,false,,Appointment standard duration hours.
patient_appointment,appointment_standard_time_minutes,NUMERIC,false,,Appointment standard time minutes.
patient_appointment,source,TEXT,false,,Source system the record originated from.
patient_appointment,dcm_refreshed_date_time,TIMESTAMPTZ,false,,Timestamp of the last data warehouse refresh for this record.
patient_appointment,issue_dt,TIMESTAMPTZ,false,,Timestamp the record was issued/extracted from source.
patient_appointment_line,pseudo_id,TEXT,false,amc_core.patient_not_traceable(pseudo_id),Pseudonymized patient identifier.
patient_appointment_line,appointment_id,TEXT,false,amc_core.patient_appointment(patient_contact_id),Identifier for the associated appointment.
patient_appointment_line,appointment_line_id,TEXT,true,,Identifier for the associated appointment line.
patient_appointment_line,age_in_years_at_moment_appointment_raw,TEXT,false,,"Raw, unparsed text value preserved alongside the cast age_in_years_at_moment_appointment column."
patient_appointment_line,age_in_years_at_moment_appointment,INTEGER,false,,Age in years at moment appointment.
patient_appointment_line,child_age_in_weeks_at_moment_appointment,TEXT,false,,Child age in weeks at moment appointment.
patient_appointment_line,appointment_made_at_date_time,TIMESTAMPTZ,false,,Date/time field: Appointment made at date time.
patient_appointment_line,appointment_date,DATE,false,,Date/time field: Appointment date.
patient_appointment_line,appointment_time,TIME,false,,Date/time field: Appointment time.
patient_appointment_line,daily,TEXT,false,,Daily.
patient_appointment_line,office_hours,TEXT,false,,Office hours.
patient_appointment_line,appointment_start_moment,TIMESTAMPTZ,false,,Date/time field: Appointment start moment.
patient_appointment_line,appointment_end_moment,TIMESTAMPTZ,false,,Date/time field: Appointment end moment.
patient_appointment_line,patient_contact_id,TEXT,false,amc_core.patient_appointment(patient_contact_id),Identifier of the clinical contact/encounter this record belongs to.
patient_appointment_line,patient_contact_type,TEXT,false,,Patient contact type.
patient_appointment_line,appointment_form_level1,TEXT,false,,Appointment form level1.
patient_appointment_line,appointment_form_level2,TEXT,false,,Appointment form level2.
patient_appointment_line,is_new_patient,TEXT,false,,Flag: New patient.
patient_appointment_line,appointment_agenda_template,TEXT,false,,Appointment agenda template.
patient_appointment_line,appointment_agenda_template_type,TEXT,false,,Appointment agenda template type.
patient_appointment_line,appointment_agenda_template_abbreviation,TEXT,false,,Appointment agenda template abbreviation.
patient_appointment_line,appointment_status,TEXT,false,,Appointment status.
patient_appointment_line,appointment_relocated_to_patient_contact_id,TEXT,false,,Identifier for the associated appointment relocated to patient contact.
patient_appointment_line,appointment_name,TEXT,false,,Appointment name.
patient_appointment_line,appointment_form,TEXT,false,,Appointment form.
patient_appointment_line,consultation_focus,TEXT,false,,Consultation focus.
patient_appointment_line,appointment_name_abbreviation,TEXT,false,,Appointment name abbreviation.
patient_appointment_line,appointment_cancellation_applicant,TEXT,false,,Appointment cancellation applicant.
patient_appointment_line,appointment_cancellation_reason,TEXT,false,,Appointment cancellation reason.
patient_appointment_line,appointment_cancellation_reason_type,TEXT,false,,Appointment cancellation reason type.
patient_appointment_line,appointment_cancellation_term,TEXT,false,,Appointment cancellation term.
patient_appointment_line,cancellation_to_appointment_days,NUMERIC,false,,Cancellation to appointment days.
patient_appointment_line,cancellation_to_appointment_hours,NUMERIC,false,,Cancellation to appointment hours.
patient_appointment_line,executive_caregiver_type,TEXT,false,,Executive caregiver type.
patient_appointment_line,caregiver_internal_yes_no,TEXT,false,,Caregiver internal yes no.
patient_appointment_line,executive_specialty,TEXT,false,,Executive specialty.
patient_appointment_line,executive_workplace,TEXT,false,,Executive workplace.
patient_appointment_line,waiting_room,TEXT,false,,Waiting room.
patient_appointment_line,hospital_location,TEXT,false,,Hospital/site location for this record.
patient_appointment_line,order_id,TEXT,false,,Identifier for the associated order.
patient_appointment_line,order_type,TEXT,false,,Order type.
patient_appointment_line,order_class,TEXT,false,,Order class.
patient_appointment_line,order_assignment,TEXT,false,,Order assignment.
patient_appointment_line,order_date,DATE,false,,Date/time field: Order date.
patient_appointment_line,order_time,TIME,false,,Date/time field: Order time.
patient_appointment_line,referring_caregiver_type,TEXT,false,,Referring caregiver type.
patient_appointment_line,referring_caregiver_internal_yes_no,TEXT,false,,Referring caregiver internal yes no.
patient_appointment_line,referring_healthcare_institution,TEXT,false,,Referring healthcare institution.
patient_appointment_line,requesting_workplace,TEXT,false,,Requesting workplace.
patient_appointment_line,appointment_realized_duration_hours,NUMERIC,false,,Appointment realized duration hours.
patient_appointment_line,appointment_realized_duration_minutes,NUMERIC,false,,Appointment realized duration minutes.
patient_appointment_line,appointment_standard_duration_hours,NUMERIC,false,,Appointment standard duration hours.
patient_appointment_line,appointment_standard_time_minutes,NUMERIC,false,,Appointment standard time minutes.
patient_appointment_line,source,TEXT,false,,Source system the record originated from.
patient_appointment_line,dcm_refreshed_date_time,TIMESTAMPTZ,false,,Timestamp of the last data warehouse refresh for this record.
patient_appointment_line,issue_dt,TIMESTAMPTZ,false,,Timestamp the record was issued/extracted from source.
patient_contact,patient_contact_id,TEXT,true,,Identifier of the clinical contact/encounter this record belongs to.
patient_contact,pseudo_id,TEXT,false,amc_core.patient_not_traceable(pseudo_id),Pseudonymized patient identifier.
patient_contact,patient_contact_type,TEXT,false,,Patient contact type.
patient_contact,patient_contact_date,DATE,false,,Date/time field: Patient contact date.
patient_contact,patient_contact_time,TIME,false,,Date/time field: Patient contact time.
patient_contact,patient_contact_date_time,TIMESTAMPTZ,false,,Date/time field: Patient contact date time.
patient_contact,cancellation_date,DATE,false,,Date/time field: Cancellation date.
patient_contact,patient_appointment_status,TEXT,false,,Patient appointment status.
patient_contact,hospital_location,TEXT,false,,Hospital/site location for this record.
patient_contact,workplace,TEXT,false,,Workplace.
patient_contact,specialty,TEXT,false,,Specialty.
patient_contact,source,TEXT,false,,Source system the record originated from.
patient_contact,dcm_refreshed_date_time,TIMESTAMPTZ,false,,Timestamp of the last data warehouse refresh for this record.
patient_contact,issue_dt,TIMESTAMPTZ,false,,Timestamp the record was issued/extracted from source.
patient_contact,abnormal_date,BOOLEAN,false,,Quality flag: 1 if patient_contact_date is before 2000 or after 2027.
patient_not_traceable,pseudo_id,TEXT,true,,Pseudonymized patient identifier.
patient_not_traceable,year_of_birth,INTEGER,false,,Year of birth.
patient_not_traceable,gender,TEXT,false,,Gender.
patient_not_traceable,death_date_time,TIMESTAMPTZ,false,,Date/time of death -- the direct source of truth for this patient's death timing.
patient_not_traceable,is_deceased,TEXT,false,,Flag: Deceased.
patient_not_traceable,is_objection_patient,TEXT,false,,Flag: Objection patient.
patient_not_traceable,objection_research_recruitment,TEXT,false,,Objection research recruitment.
patient_not_traceable,source,TEXT,false,,Source system the record originated from.
patient_not_traceable,dcm_refreshed_date_time,TIMESTAMPTZ,false,,Timestamp of the last data warehouse refresh for this record.
patient_not_traceable,issue_dt,TIMESTAMPTZ,false,,Timestamp the record was issued/extracted from source.
patient_not_traceable,has_any_quality_issue,BOOLEAN,false,,Flag: true if this patient has any quality-flag column set true anywhere in 04_quality_flags.
patient_note_patient_contact,pseudo_id,TEXT,false,amc_core.patient_not_traceable(pseudo_id),Pseudonymized patient identifier.
patient_note_patient_contact,patient_note_id,TEXT,false,,Identifier for the associated patient note.
patient_note_patient_contact,note_contact_id,TEXT,true,,Identifier for the associated note contact.
patient_note_patient_contact,note_contact_sequential_number_raw,TEXT,false,,"Raw, unparsed text value preserved alongside the cast note_contact_sequential_number column."
patient_note_patient_contact,note_contact_sequential_number,INTEGER,false,,Note contact sequential number.
patient_note_patient_contact,patient_contact_id,TEXT,false,amc_core.patient_appointment(patient_contact_id),Identifier of the clinical contact/encounter this record belongs to.
patient_note_patient_contact,note_made_at_date_time,TIMESTAMPTZ,false,,Date/time field: Note made at date time.
patient_note_patient_contact,note_file_time_local_dttm,TIMESTAMPTZ,false,,Date/time field: Note file time timestamp.
patient_note_patient_contact,entry_instant_local_dttm,TIMESTAMPTZ,false,,Date/time field: Entry instant timestamp.
patient_note_patient_contact,note_status,TEXT,false,,Note status.
patient_note_patient_contact,patient_note_category,TEXT,false,,Patient note category.
patient_note_patient_contact,patient_contact_patient_note_category,TEXT,false,,Patient contact patient note category.
patient_note_patient_contact,is_confidential,TEXT,false,,Flag: Confidential.
patient_note_patient_contact,hospital_location,TEXT,false,,Hospital/site location for this record.
patient_note_patient_contact,hospital_location_code,TEXT,false,,Coded hospital/site location for this record.
patient_note_patient_contact,patient_contact_date_time,TIMESTAMPTZ,false,,Date/time field: Patient contact date time.
patient_note_patient_contact,note_made_on_date,DATE,false,,Date/time field: Note made on date.
patient_note_patient_contact,note_made_at_time,TIME,false,,Date/time field: Note made at time.
patient_note_patient_contact,caregiver_type,TEXT,false,,Caregiver type.
patient_note_patient_contact,healthcare_provider_specialty,TEXT,false,,Healthcare provider specialty.
patient_note_patient_contact,healthcare_provider_sub_specialty,TEXT,false,,Healthcare provider sub specialty.
patient_note_patient_contact,source,TEXT,false,,Source system the record originated from.
patient_note_patient_contact,dcm_refreshed_date_time,TIMESTAMPTZ,false,,Timestamp of the last data warehouse refresh for this record.
patient_note_patient_contact,issue_dt,TIMESTAMPTZ,false,,Timestamp the record was issued/extracted from source.
patient_questionnaire,patient_questionnaire_id,BIGSERIAL,true,,Identifier for the associated patient questionnaire.
patient_questionnaire,pseudo_id,TEXT,false,amc_core.patient_not_traceable(pseudo_id),Pseudonymized patient identifier.
patient_questionnaire,patient_contact_id,TEXT,false,amc_core.patient_appointment(patient_contact_id),Identifier of the clinical contact/encounter this record belongs to.
patient_questionnaire,hospital_location,TEXT,false,,Hospital/site location for this record.
patient_questionnaire,reply_date,DATE,false,,Date/time field: Reply date.
patient_questionnaire,reply_time,TIME,false,,Date/time field: Reply time.
patient_questionnaire,reply_date_time,TIMESTAMPTZ,false,,Date/time field: Reply date time.
patient_questionnaire,age_in_years_at_reply_raw,TEXT,false,,"Raw, unparsed text value preserved alongside the cast age_in_years_at_reply column."
patient_questionnaire,age_in_years_at_reply,NUMERIC,false,,Age in years at reply.
patient_questionnaire,form,TEXT,false,,Form.
patient_questionnaire,form_code,TEXT,false,,Form code.
patient_questionnaire,questionnaire_question,TEXT,false,,Questionnaire question.
patient_questionnaire,questionnaire_question_formulation,TEXT,false,,Questionnaire question formulation.
patient_questionnaire,questionnaire_answer_group_id,TEXT,false,,Identifier for the associated questionnaire answer group.
patient_questionnaire,questionnaire_answer_line_number,TEXT,false,,Questionnaire answer line number.
patient_questionnaire,questionnaire_answer_numeric,NUMERIC,false,,Questionnaire answer numeric.
patient_questionnaire,questionnaire_answer,TEXT,false,,Questionnaire answer.
patient_questionnaire,standard_error,NUMERIC,false,,Standard error.
patient_questionnaire,source,TEXT,false,,Source system the record originated from.
patient_questionnaire,dcm_refreshed_date_time,TIMESTAMPTZ,false,,Timestamp of the last data warehouse refresh for this record.
patient_questionnaire,issue_dt,TIMESTAMPTZ,false,,Timestamp the record was issued/extracted from source.
patient_social,pseudo_id,TEXT,true,amc_core.patient_not_traceable(pseudo_id),Pseudonymized patient identifier.
patient_social,marital_status,TEXT,false,,Marital status.
patient_social,education_level,TEXT,false,,Education level.
patient_social,is_multiple,TEXT,false,,Flag: Multiple.
patient_social,source,TEXT,false,,Source system the record originated from.
patient_social,dcm_refreshed_date_time,TIMESTAMPTZ,false,,Timestamp of the last data warehouse refresh for this record.
patient_social,issue_dt,DATE,false,,Timestamp the record was issued/extracted from source.
problem_list,patient_contact_id,TEXT,true,amc_core.patient_appointment(patient_contact_id),Identifier of the clinical contact/encounter this record belongs to.
problem_list,problem_list_id,TEXT,true,,Identifier for the associated problem list.
problem_list,pseudo_id,TEXT,false,amc_core.patient_not_traceable(pseudo_id),Pseudonymized patient identifier.
problem_list,problem_description,TEXT,false,,Problem description.
problem_list,problem_code,TEXT,false,,Problem code.
problem_list,diagnosis_code,TEXT,false,,Diagnosis code.
problem_list,diagnosis_category,TEXT,false,,Diagnosis category.
problem_list,patient_problem_status,TEXT,false,,Patient problem status.
problem_list,patient_contact_type,TEXT,false,,Patient contact type.
problem_list,problem_description_display_epic,TEXT,false,,Problem description display epic.
problem_list,patient_contact_date,DATE,false,,Date/time field: Patient contact date.
problem_list,patient_contact_date_time,TIMESTAMPTZ,false,,Date/time field: Patient contact date time.
problem_list,observation_date,DATE,false,,Date/time field: Observation date.
problem_list,registration_date,DATE,false,,Date/time field: Registration date.
problem_list,close_date,DATE,false,,Date/time field: Close date.
problem_list,is_chronic,TEXT,false,,Flag: Chronic.
problem_list,is_chief_problem,TEXT,false,,Flag: Chief problem.
problem_list,is_hospital_problem,TEXT,false,,Flag: Hospital problem.
problem_list,hospital_location,TEXT,false,,Hospital/site location for this record.
problem_list,diagnose_thesaurus_code,TEXT,false,,Diagnose thesaurus code.
problem_list,snomed_code,TEXT,false,,Snomed code.
problem_list,source,TEXT,false,,Source system the record originated from.
problem_list,dcm_refreshed_date_time,TIMESTAMPTZ,false,,Timestamp of the last data warehouse refresh for this record.
problem_list,issue_dt,TIMESTAMPTZ,false,,Timestamp the record was issued/extracted from source.
problem_list,corrected_close_date,DATE,false,,Corrected close date; NULL for problems still marked Actief (active).
procedures,pseudo_id,TEXT,true,amc_core.patient_not_traceable(pseudo_id),Pseudonymized patient identifier.
procedures,intervention_id,TEXT,true,,Identifier for the associated intervention.
procedures,intervention_date,DATE,false,,Date/time field: Intervention date.
procedures,intervention_code,TEXT,false,,Intervention code.
procedures,intervention,TEXT,false,,Intervention.
procedures,hospital_location,TEXT,false,,Hospital/site location for this record.
procedures,patient_contact_id,TEXT,false,amc_core.patient_appointment(patient_contact_id),Identifier of the clinical contact/encounter this record belongs to.
procedures,age_in_years_at_moment_of_intervention_raw,TEXT,false,,"Raw, unparsed text value preserved alongside the cast age_in_years_at_moment_of_intervention column."
procedures,age_in_years_at_moment_of_intervention,NUMERIC,false,,Age in years at moment of intervention.
procedures,subtraject_id,TEXT,false,,Identifier for the associated subtraject.
procedures,ok_session_number,TEXT,false,,Operating room session number.
procedures,order_id,TEXT,false,,Identifier for the associated order.
procedures,care_activity,TEXT,false,,Care activity.
procedures,care_profile_class,TEXT,false,,Care profile class.
procedures,requesting_specialty_abbreviation,TEXT,false,,Requesting specialty abbreviation.
procedures,requesting_sub_specialty_code,TEXT,false,,Requesting sub specialty code.
procedures,requesting_sub_specialty,TEXT,false,,Requesting sub specialty.
procedures,executive_specialty,TEXT,false,,Executive specialty.
procedures,executive_sub_specialty,TEXT,false,,Executive sub specialty.
procedures,executive_workplace,TEXT,false,,Executive workplace.
procedures,source_module,TEXT,false,,Source module.
procedures,source,TEXT,false,,Source system the record originated from.
procedures,dcm_refreshed_date_time,TIMESTAMPTZ,false,,Timestamp of the last data warehouse refresh for this record.
procedures,issue_dt,TIMESTAMPTZ,false,,Timestamp the record was issued/extracted from source.
seh_trajectory,pseudo_id,TEXT,false,amc_core.patient_not_traceable(pseudo_id),Pseudonymized patient identifier.
seh_trajectory,seh_traject_id,TEXT,true,,Identifier for the associated emergency department (SEH) traject.
seh_trajectory,patient_contact_id,TEXT,false,amc_core.patient_appointment(patient_contact_id),Identifier of the clinical contact/encounter this record belongs to.
seh_trajectory,hospital_location,TEXT,false,,Hospital/site location for this record.
seh_trajectory,urgent_contact_created_date_time,TIMESTAMPTZ,false,,Date/time field: Urgent contact created date time.
seh_trajectory,patient_arrived_at_seh_date_time,TIMESTAMPTZ,false,,Date/time field: Patient arrived at emergency department (SEH) date time.
seh_trajectory,seh_admission_moment,TIME,false,,Date/time field: Emergency department (SEH) admission moment.
seh_trajectory,seh_admission_date,DATE,false,,Date/time field: Emergency department (SEH) admission date.
seh_trajectory,seh_admission_date_time,TIMESTAMPTZ,false,,Date/time field: Emergency department (SEH) admission date time.
seh_trajectory,seh_departure_moment,TIME,false,,Date/time field: Emergency department (SEH) departure moment.
seh_trajectory,seh_departure_date,DATE,false,,Date/time field: Emergency department (SEH) departure date.
seh_trajectory,seh_departure_date_time,TIMESTAMPTZ,false,,Date/time field: Emergency department (SEH) departure date time.
seh_trajectory,seh_sub_specialty,TEXT,false,,Emergency department (SEH) sub specialty.
seh_trajectory,seh_arrival_mode,TEXT,false,,Emergency department (SEH) arrival mode.
seh_trajectory,seh_arrival_mode_group,TEXT,false,,Emergency department (SEH) arrival mode group.
seh_trajectory,seh_presentation_type,TEXT,false,,Emergency department (SEH) presentation type.
seh_trajectory,seh_triagecode,TEXT,false,,Emergency department (SEH) triagecode.
seh_trajectory,chief_seh_complaint,TEXT,false,,Chief emergency department (SEH) complaint.
seh_trajectory,chief_seh_input_complaint,TEXT,false,,Chief emergency department (SEH) input complaint.
seh_trajectory,destination_after_seh,TEXT,false,,Destination after emergency department (SEH).
seh_trajectory,referring_caregiver_type,TEXT,false,,Referring caregiver type.
seh_trajectory,referring_caregiver_is_internal,TEXT,false,,Referring caregiver internal.
seh_trajectory,is_ehh_traject,TEXT,false,,Flag: Ehh traject.
seh_trajectory,admission_traject_id,TEXT,false,amc_core.admission_traject(admission_traject_id),Identifier for the associated admission traject.
seh_trajectory,admission_origin,TEXT,false,,Admission origin.
seh_trajectory,age_in_years_at_moment_admission,INTEGER,false,,Age in years at moment admission.
seh_trajectory,seh_arrival_subspecialty,TEXT,false,,Emergency department (SEH) arrival subspecialty.
seh_trajectory,seh_departure_subspecialty,TEXT,false,,Emergency department (SEH) departure subspecialty.
seh_trajectory,departure_to_workplace,TEXT,false,,Departure to workplace.
seh_trajectory,arrival_workplace,TEXT,false,,Arrival workplace.
seh_trajectory,source,TEXT,false,,Source system the record originated from.
seh_trajectory,dcm_refreshed_date_time,TIMESTAMPTZ,false,,Timestamp of the last data warehouse refresh for this record.
seh_trajectory,issue_dt,TIMESTAMPTZ,false,,Timestamp the record was issued/extracted from source.
seh_trajectory,corrected_seh_departure_date_time,TIMESTAMPTZ,false,,Corrected ED departure date/time; future/implausible values set to NULL.
seh_trajectory,corrected_seh_departure_date,DATE,false,,Corrected ED departure date; future/implausible values set to NULL.
seh_trajectory,corrected_seh_departure_moment,TIME,false,,Corrected ED departure time; future/implausible values set to NULL.
seh_trajectory,ongoing_seh_stay,BOOLEAN,false,,Quality flag: 1 if the ED departure date is in the future (ongoing visit at extraction time).
surgery_history,surgery_history_id,BIGSERIAL,true,,Identifier for the associated surgery history.
surgery_history,pseudo_id,TEXT,false,amc_core.patient_not_traceable(pseudo_id),Pseudonymized patient identifier.
surgery_history,patient_contact_id,TEXT,false,amc_core.patient_appointment(patient_contact_id),Identifier of the clinical contact/encounter this record belongs to.
surgery_history,hospital_location,TEXT,false,,Hospital/site location for this record.
surgery_history,registration_date,DATE,false,,Date/time field: Registration date.
surgery_history,procedure_start_date,DATE,false,,Date/time field: Procedure start date.
surgery_history,procedure_end_date,DATE,false,,Date/time field: Procedure end date.
surgery_history,surgical_past_history_code,TEXT,false,,Surgical past history code.
surgery_history,type_code,TEXT,false,,Type code.
surgery_history,surgical_past_history,TEXT,false,,Surgical past history.
surgery_history,source,TEXT,false,,Source system the record originated from.
surgery_history,dcm_refreshed_date_time,TIMESTAMPTZ,false,,Timestamp of the last data warehouse refresh for this record.
surgery_history,issue_dt,TIMESTAMPTZ,false,,Timestamp the record was issued/extracted from source.
tobacco_use,tobacco_use_id,BIGSERIAL,true,,Identifier for the associated tobacco use.
tobacco_use,pseudo_id,TEXT,false,amc_core.patient_not_traceable(pseudo_id),Pseudonymized patient identifier.
tobacco_use,patient_contact_id,TEXT,false,amc_core.patient_appointment(patient_contact_id),Identifier of the clinical contact/encounter this record belongs to.
tobacco_use,hospital_location,TEXT,false,,Hospital/site location for this record.
tobacco_use,registration_date,DATE,false,,Date/time field: Registration date.
tobacco_use,workplace,TEXT,false,,Workplace.
tobacco_use,specialty,TEXT,false,,Specialty.
tobacco_use,start_date,DATE,false,,Date/time field: Start date.
tobacco_use,stop_date,DATE,false,,Date/time field: Stop date.
tobacco_use,status_tobacco_use,TEXT,false,,Status tobacco use.
tobacco_use,tobacco_use_explanation,TEXT,false,,Tobacco use explanation.
tobacco_use,type_tobacco_use,TEXT,false,,Type tobacco use.
tobacco_use,is_current_smoker,TEXT,false,,Flag: Current smoker.
tobacco_use,is_former_smoker,TEXT,false,,Flag: Former smoker.
tobacco_use,quantity_packages_per_day,NUMERIC,false,,Quantity packages per day.
tobacco_use,tobacco_use_years,NUMERIC,false,,Tobacco use years.
tobacco_use,source,TEXT,false,,Source system the record originated from.
tobacco_use,dcm_refreshed_date_time,TIMESTAMPTZ,false,,Timestamp of the last data warehouse refresh for this record.
tobacco_use,issue_dt,TIMESTAMPTZ,false,,Timestamp the record was issued/extracted from source.
